테마명,종목명
지역화폐,쿠콘
지역화폐,코나아이
지역화폐,유라클
지역화폐,웹케시
지역화폐,갤럭시아머니트리
생명보험,삼성생명
생명보험,미래에셋생명
생명보험,동양생명
생명보험,한화생명
생명보험,코리안리
피팅(관이음쇠)/밸브,성광벤드
피팅(관이음쇠)/밸브,태광
피팅(관이음쇠)/밸브,하이록코리아
피팅(관이음쇠)/밸브,비엠티
피팅(관이음쇠)/밸브,디케이락
피팅(관이음쇠)/밸브,화성밸브
피팅(관이음쇠)/밸브,한국선재
피팅(관이음쇠)/밸브,한선엔지니어링
피팅(관이음쇠)/밸브,케이에스피
온디바이스 AI,심텍
온디바이스 AI,아이언디바이스
온디바이스 AI,삼성전기
온디바이스 AI,어보브반도체
온디바이스 AI,리노공업
온디바이스 AI,가온칩스
온디바이스 AI,태성
온디바이스 AI,에이디테크놀로지
온디바이스 AI,네패스
온디바이스 AI,에이팩트
온디바이스 AI,칩스앤미디어
온디바이스 AI,SK하이닉스
온디바이스 AI,네패스아크
온디바이스 AI,대덕전자
온디바이스 AI,HPSP
온디바이스 AI,큐알티
온디바이스 AI,제주반도체
온디바이스 AI,삼성전자
온디바이스 AI,텔레칩스
온디바이스 AI,오픈엣지테크놀로지
온디바이스 AI,마음AI
온디바이스 AI,퀄리타스반도체
온디바이스 AI,유니퀘스트
전자결제(전자화폐),쿠콘
전자결제(전자화폐),인포바인
전자결제(전자화폐),NHN
전자결제(전자화폐),헥토파이낸셜
전자결제(전자화폐),갤럭시아머니트리
전자결제(전자화폐),카카오페이
전자결제(전자화폐),다날
전자결제(전자화폐),NHN KCP
전자결제(전자화폐),KG모빌리언스
전자결제(전자화폐),KG이니시스
전자결제(전자화폐),인포뱅크
전자결제(전자화폐),한국정보통신
전자결제(전자화폐),SBI핀테크솔루션즈
전자결제(전자화폐),카페24
인터넷 대표주,카카오
인터넷 대표주,NAVER
원자력발전소 해체,한전기술
원자력발전소 해체,두산에너빌리티
원자력발전소 해체,우진
원자력발전소 해체,한전KPS
원자력발전소 해체,우리기술
원자력발전소 해체,대창솔루션
원자력발전소 해체,비츠로테크
원자력발전소 해체,오르비텍
원자력발전소 해체,비에이치아이
원자력발전소 해체,에스앤더블류
원자력발전소 해체,현대건설
3D 낸드(NAND),심텍
3D 낸드(NAND),유니테스트
3D 낸드(NAND),테스
3D 낸드(NAND),한솔케미칼
3D 낸드(NAND),디엔에프
3D 낸드(NAND),피에스케이홀딩스
3D 낸드(NAND),테크윙
3D 낸드(NAND),제우스
3D 낸드(NAND),SK하이닉스
3D 낸드(NAND),유진테크
3D 낸드(NAND),피에스케이
3D 낸드(NAND),케이씨텍
3D 낸드(NAND),원익QnC
3D 낸드(NAND),삼성전자
3D 낸드(NAND),원익IPS
3D 낸드(NAND),후성
3D 낸드(NAND),한양이엔지
3D 낸드(NAND),원익머트리얼즈
남북경협,제이에스티나
남북경협,좋은사람들
남북경협,일신석재
남북경협,인디에프
남북경협,자화전자
남북경협,남광토건
남북경협,녹십자
남북경협,신원
남북경협,조비
남북경협,재영솔루텍
남북경협,남화토건
남북경협,남해화학
남북경협,코데즈컴바인
남북경협,도화엔지니어링
남북경협,인지컨트롤스
남북경협,경농
남북경협,롯데정밀화학
남북경협,양지사
남북경협,다스코
남북경협,스페코
남북경협,한국석유
남북경협,희림
남북경협,세운메디칼
남북경협,현대엘리베이터
남북경협,한국전력
남북경협,현대건설
남북경협,지엔씨에너지
유리 기판,와이씨켐
유리 기판,삼성전기
유리 기판,한빛레이저
유리 기판,켐트로닉스
유리 기판,SKC
유리 기판,필옵틱스
유리 기판,태성
유리 기판,피아이이
유리 기판,씨앤지하이테크
유리 기판,HB테크놀러지
유리 기판,램테크놀러지
유리 기판,기가비스
유리 기판,제이앤티씨
유리 기판,에프엔에스테크
유리 기판,아이씨디
유리 기판,미래컴퍼니
유리 기판,하스
유리 기판,이노메트리
유리 기판,나인테크
출산장려정책,에르코스
출산장려정책,꿈비
출산장려정책,아가방컴퍼니
출산장려정책,캐리소프트
출산장려정책,제로투세븐
출산장려정책,메디앙스
출산장려정책,깨끗한나라
출산장려정책,웅진씽크빅
출산장려정책,토박스코리아
출산장려정책,예림당
출산장려정책,삼성출판사
출산장려정책,대교
출산장려정책,매일유업
출산장려정책,삼익악기
출산장려정책,모나리자
출산장려정책,SAMG엔터
출산장려정책,남양유업
출산장려정책,유엔젤
출산장려정책,네오팜
출산장려정책,헝셩그룹
원자력발전,성광벤드
원자력발전,한전기술
원자력발전,태광
원자력발전,한전산업
원자력발전,두산에너빌리티
원자력발전,한신기계
원자력발전,우진
원자력발전,하이록코리아
원자력발전,한전KPS
원자력발전,금화피에스시
원자력발전,서전기전
원자력발전,삼영엠텍
원자력발전,우진엔텍
원자력발전,SG&G
원자력발전,태웅
원자력발전,우리기술
원자력발전,에이프로젠
원자력발전,보성파워텍
원자력발전,대우건설
원자력발전,대창스틸
원자력발전,대한전선
원자력발전,지투파워
원자력발전,오르비텍
원자력발전,비에이치아이
원자력발전,일진파워
원자력발전,에너토크
원자력발전,GS건설
원자력발전,비엠티
원자력발전,디케이락
원자력발전,한양이엔지
원자력발전,티플랙스
원자력발전,금양그린파워
원자력발전,LS ELECTRIC
원자력발전,HRS
원자력발전,효성중공업
원자력발전,디티앤씨
원자력발전,제일테크노스
원자력발전,에스앤더블류
원자력발전,광명전기
원자력발전,한국전력
원자력발전,이엠코리아
원자력발전,현대건설
원자력발전,수산인더스트리
원자력발전,DL이앤씨
원자력발전,SNT에너지
퓨리오사AI,아이티센글로벌
퓨리오사AI,DSC인베스트먼트
퓨리오사AI,팬스타엔터프라이즈
퓨리오사AI,나우IB
퓨리오사AI,LB인베스트먼트
퓨리오사AI,TS인베스트먼트
퓨리오사AI,토마토시스템
퓨리오사AI,엑스페릭스
퓨리오사AI,포바이포
일자리(취업),윌비스
일자리(취업),원티드랩
일자리(취업),DSC인베스트먼트
일자리(취업),오픈놀
일자리(취업),데이원컴퍼니
일자리(취업),아이비김영
일자리(취업),메가엠디
일자리(취업),사람인
일자리(취업),TS인베스트먼트
일자리(취업),대성창투
키오스크(KIOSK),씨아이테크
키오스크(KIOSK),케이씨티
키오스크(KIOSK),포스뱅크
키오스크(KIOSK),푸른기술
키오스크(KIOSK),파버나인
키오스크(KIOSK),한네트
키오스크(KIOSK),NICE인프라
키오스크(KIOSK),윈스테크넷
키오스크(KIOSK),인바이오젠
키오스크(KIOSK),케이씨에스
日제품 불매운동(수혜),좋은사람들
日제품 불매운동(수혜),그리티
日제품 불매운동(수혜),아가방컴퍼니
日제품 불매운동(수혜),비비안
日제품 불매운동(수혜),메디앙스
日제품 불매운동(수혜),TBH글로벌
日제품 불매운동(수혜),배럴
日제품 불매운동(수혜),깨끗한나라
日제품 불매운동(수혜),리드코프
日제품 불매운동(수혜),코데즈컴바인
日제품 불매운동(수혜),보라티알
日제품 불매운동(수혜),해태제과식품
日제품 불매운동(수혜),하이트진로홀딩스
日제품 불매운동(수혜),하이트진로
日제품 불매운동(수혜),크라운해태홀딩스
日제품 불매운동(수혜),모나리자
日제품 불매운동(수혜),모나미
日제품 불매운동(수혜),신성통상
日제품 불매운동(수혜),크라운제과
日제품 불매운동(수혜),보해양조
日제품 불매운동(수혜),BYC
핵융합에너지,두산에너빌리티
핵융합에너지,다원시스
핵융합에너지,모비스
핵융합에너지,삼화콘덴서
핵융합에너지,비츠로테크
핵융합에너지,일진파워
핵융합에너지,에스에프에이
핵융합에너지,고려제강
마이데이터,쿠콘
마이데이터,핑거
마이데이터,NAVER
마이데이터,아톤
마이데이터,헥토이노베이션
마이데이터,아이티아이즈
마이데이터,파이오링크
마이데이터,유비벨록스
마이데이터,파수
마이데이터,NICE평가정보
마이데이터,세종텔레콤
엔젤산업,에르코스
엔젤산업,꿈비
엔젤산업,아가방컴퍼니
엔젤산업,캐리소프트
엔젤산업,제로투세븐
엔젤산업,메디앙스
엔젤산업,웅진씽크빅
엔젤산업,토박스코리아
엔젤산업,오가닉티코스메틱
엔젤산업,예림당
엔젤산업,삼성출판사
엔젤산업,대교
엔젤산업,매일유업
엔젤산업,삼익악기
엔젤산업,정상제이엘에스
엔젤산업,모나미
엔젤산업,SAMG엔터
엔젤산업,남양유업
엔젤산업,손오공
엔젤산업,오로라
엔젤산업,네오팜
엔젤산업,헝셩그룹
엔젤산업,대원미디어
DMZ 평화공원,일신석재
DMZ 평화공원,씨아이테크
DMZ 평화공원,모나용평
DMZ 평화공원,자연과환경
DMZ 평화공원,모헨즈
DMZ 평화공원,대창스틸
DMZ 평화공원,시그네틱스
DMZ 평화공원,시공테크
DMZ 평화공원,코아스
DMZ 평화공원,딜리
DMZ 평화공원,크라운해태홀딩스
DMZ 평화공원,웹스
DMZ 평화공원,웰크론
DMZ 평화공원,누리플랜
DMZ 평화공원,하이드로리튬
DMZ 평화공원,퍼스텍
DMZ 평화공원,삼륭물산
DMZ 평화공원,유진로봇
반도체 대표주(생산),SK하이닉스
반도체 대표주(생산),DB하이텍
반도체 대표주(생산),삼성전자
시스템반도체,매커스
시스템반도체,아이언디바이스
시스템반도체,에스앤에스텍
시스템반도체,어보브반도체
시스템반도체,리노공업
시스템반도체,가온칩스
시스템반도체,에이디테크놀로지
시스템반도체,코아시아
시스템반도체,LB세미콘
시스템반도체,라닉스
시스템반도체,네패스
시스템반도체,윈팩
시스템반도체,테크윙
시스템반도체,칩스앤미디어
시스템반도체,하나마이크론
시스템반도체,SK하이닉스
시스템반도체,피에스케이
시스템반도체,네패스아크
시스템반도체,에이직랜드
시스템반도체,DB하이텍
시스템반도체,큐알티
시스템반도체,파두
시스템반도체,삼성전자
시스템반도체,시그네틱스
시스템반도체,텔레칩스
시스템반도체,오픈엣지테크놀로지
시스템반도체,시지트로닉스
시스템반도체,에이엘티
시스템반도체,미래반도체
시스템반도체,퀄리타스반도체
시스템반도체,아이에이
시스템반도체,사피엔반도체
시스템반도체,이미지스
시스템반도체,SFA반도체
시스템반도체,아나패스
시스템반도체,케이알엠
시스템반도체,알파칩스
시스템반도체,LX세미콘
시스템반도체,넥스트칩
시스템반도체,오디텍
시스템반도체,아이앤씨
시스템반도체,디아이
시스템반도체,동운아나텍
시스템반도체,한미반도체
시스템반도체,아이텍
시스템반도체,지니틱스
시스템반도체,아진엑스텍
시스템반도체,자람테크놀로지
시스템반도체,고영
시스템반도체,앤씨앤
시스템반도체,두산테스나
시스템반도체,엠디바이스
시스템반도체,아이씨티케이
HBM(고대역폭메모리),와이씨켐
HBM(고대역폭메모리),피에스케이홀딩스
HBM(고대역폭메모리),윈팩
HBM(고대역폭메모리),테크윙
HBM(고대역폭메모리),제우스
HBM(고대역폭메모리),제너셈
HBM(고대역폭메모리),레이저쎌
HBM(고대역폭메모리),SK하이닉스
HBM(고대역폭메모리),에스티아이
HBM(고대역폭메모리),큐알티
HBM(고대역폭메모리),케이씨텍
HBM(고대역폭메모리),한화비전
HBM(고대역폭메모리),엠케이전자
HBM(고대역폭메모리),오로스테크놀로지
HBM(고대역폭메모리),삼성전자
HBM(고대역폭메모리),디아이티
HBM(고대역폭메모리),오픈엣지테크놀로지
HBM(고대역폭메모리),이오테크닉스
HBM(고대역폭메모리),아이엠티
HBM(고대역폭메모리),미래반도체
HBM(고대역폭메모리),와이씨
HBM(고대역폭메모리),예스티
HBM(고대역폭메모리),워트
HBM(고대역폭메모리),디아이
HBM(고대역폭메모리),한미반도체
HBM(고대역폭메모리),고영
패션/의류,제이에스티나
패션/의류,지엔코
패션/의류,좋은사람들
패션/의류,인디에프
패션/의류,형지엘리트
패션/의류,그리티
패션/의류,윌비스
패션/의류,에이유브랜즈
패션/의류,윙스풋
패션/의류,삼성물산
패션/의류,비비안
패션/의류,신원
패션/의류,TBH글로벌
패션/의류,배럴
패션/의류,코데즈컴바인
패션/의류,진도
패션/의류,F&F
패션/의류,토박스코리아
패션/의류,SG세계물산
패션/의류,노브랜드
패션/의류,온타이드
패션/의류,더네이쳐홀딩스
패션/의류,TP
패션/의류,패션플랫폼
패션/의류,화승인더
패션/의류,블랙야크아이앤씨
패션/의류,에스제이그룹
패션/의류,젝시믹스
패션/의류,대현
패션/의류,씨싸이트
패션/의류,미스토홀딩스
패션/의류,한세엠케이
패션/의류,크리스에프앤씨
패션/의류,신세계인터내셔날
패션/의류,공구우먼
패션/의류,형지글로벌
패션/의류,신성통상
패션/의류,한세실업
패션/의류,신영와코루
패션/의류,호전실업
패션/의류,LF
패션/의류,코오롱인더
패션/의류,메타랩스
패션/의류,원풍물산
패션/의류,BYC
패션/의류,한섬
패션/의류,폴라리스AI
패션/의류,화승엔터프라이즈
패션/의류,형지I&C
패션/의류,영원무역
패션/의류,동인기연
패션/의류,포니링크
패션/의류,이스트아시아홀딩스
패션/의류,폰드그룹
패션/의류,감성코퍼레이션
패션/의류,LS네트웍스
패션/의류,에이피알
패션/의류,에스티오
패션/의류,제이에스코퍼레이션
풍력에너지,한전기술
풍력에너지,대명에너지
풍력에너지,유니슨
풍력에너지,두산에너빌리티
풍력에너지,삼영엠텍
풍력에너지,POSCO홀딩스
풍력에너지,LS
풍력에너지,태웅
풍력에너지,우리기술
풍력에너지,대창솔루션
풍력에너지,LS머트리얼즈
풍력에너지,SK오션플랜트
풍력에너지,동국S&C
풍력에너지,삼일씨엔에스
풍력에너지,서암기계공업
풍력에너지,케이피에프
풍력에너지,동국산업
풍력에너지,씨에스베어링
풍력에너지,LS마린솔루션
풍력에너지,금양그린파워
풍력에너지,씨에스윈드
풍력에너지,세아제강지주
풍력에너지,우림피티에스
풍력에너지,포메탈
풍력에너지,스페코
풍력에너지,코오롱글로벌
풍력에너지,효성중공업
풍력에너지,효성
풍력에너지,씨엔플러스
풍력에너지,세아제강
풍력에너지,세진중공업
풍력에너지,한국전력
풍력에너지,현대건설
풍력에너지,SK이터닉스
풍력에너지,LS에코에너지
풍력에너지,DGP
애플페이,나이스정보통신
애플페이,NICE
애플페이,NHN KCP
애플페이,KG모빌리언스
애플페이,엑스플러스
애플페이,KG이니시스
애플페이,한국정보통신
애플페이,이루온
핀테크(FinTech),코나아이
핀테크(FinTech),웹케시
핀테크(FinTech),핑거
핀테크(FinTech),카카오
핀테크(FinTech),헥토파이낸셜
핀테크(FinTech),아이티센피엔에스
핀테크(FinTech),이니텍
핀테크(FinTech),갤럭시아머니트리
핀테크(FinTech),한컴위드
핀테크(FinTech),SK
핀테크(FinTech),NAVER
핀테크(FinTech),시큐브
핀테크(FinTech),카카오페이
핀테크(FinTech),다날
핀테크(FinTech),NHN KCP
핀테크(FinTech),한국전자인증
핀테크(FinTech),아톤
핀테크(FinTech),헥토이노베이션
핀테크(FinTech),KG모빌리언스
핀테크(FinTech),아모텍
핀테크(FinTech),KT
핀테크(FinTech),SGA솔루션즈
핀테크(FinTech),브리지텍
핀테크(FinTech),KG이니시스
핀테크(FinTech),인포뱅크
핀테크(FinTech),한국정보통신
핀테크(FinTech),이글루
핀테크(FinTech),SBI핀테크솔루션즈
핀테크(FinTech),가비아
핀테크(FinTech),이스트소프트
핀테크(FinTech),한국정보인증
핀테크(FinTech),성우전자
핀테크(FinTech),라온시큐어
창투사,컴퍼니케이
창투사,에이티넘인베스트
창투사,DSC인베스트먼트
창투사,플랜티넷
창투사,미래에셋벤처투자
창투사,캡스톤파트너스
창투사,린드먼아시아
창투사,나우IB
창투사,SBI인베스트먼트
창투사,큐캐피탈
창투사,우리기술투자
창투사,HB인베스트먼트
창투사,스틱인베스트먼트
창투사,아주IB투자
창투사,스톤브릿지벤처스
창투사,LB인베스트먼트
창투사,TS인베스트먼트
창투사,대성창투
창투사,SV인베스트먼트
창투사,플루토스
페인트,노루홀딩스
페인트,강남제비스코
페인트,벽산
페인트,조광페인트
페인트,KCC
페인트,AK홀딩스
페인트,삼화페인트
페인트,노루페인트
CXL(컴퓨트익스프레스링크),코리아써키트
CXL(컴퓨트익스프레스링크),티엘비
CXL(컴퓨트익스프레스링크),엑시콘
CXL(컴퓨트익스프레스링크),SK하이닉스
CXL(컴퓨트익스프레스링크),큐알티
CXL(컴퓨트익스프레스링크),오킨스전자
CXL(컴퓨트익스프레스링크),파두
CXL(컴퓨트익스프레스링크),삼성전자
CXL(컴퓨트익스프레스링크),오픈엣지테크놀로지
CXL(컴퓨트익스프레스링크),네오셈
CXL(컴퓨트익스프레스링크),퀄리타스반도체
CXL(컴퓨트익스프레스링크),대교
CXL(컴퓨트익스프레스링크),국순당
모바일콘텐츠(스마트폰/태블릿PC),아이톡시
모바일콘텐츠(스마트폰/태블릿PC),네오위즈홀딩스
모바일콘텐츠(스마트폰/태블릿PC),카카오
모바일콘텐츠(스마트폰/태블릿PC),한글과컴퓨터
모바일콘텐츠(스마트폰/태블릿PC),플랜티넷
모바일콘텐츠(스마트폰/태블릿PC),KT밀리의서재
모바일콘텐츠(스마트폰/태블릿PC),한컴위드
모바일콘텐츠(스마트폰/태블릿PC),SK스퀘어
모바일콘텐츠(스마트폰/태블릿PC),TJ미디어
모바일콘텐츠(스마트폰/태블릿PC),NAVER
모바일콘텐츠(스마트폰/태블릿PC),셀바스AI
모바일콘텐츠(스마트폰/태블릿PC),자이언트스텝
모바일콘텐츠(스마트폰/태블릿PC),컴투스홀딩스
모바일콘텐츠(스마트폰/태블릿PC),포시에스
모바일콘텐츠(스마트폰/태블릿PC),다날
모바일콘텐츠(스마트폰/태블릿PC),티사이언티픽
모바일콘텐츠(스마트폰/태블릿PC),YBM넷
모바일콘텐츠(스마트폰/태블릿PC),컴투스
모바일콘텐츠(스마트폰/태블릿PC),헥토이노베이션
모바일콘텐츠(스마트폰/태블릿PC),핑거스토리
모바일콘텐츠(스마트폰/태블릿PC),KG모빌리언스
모바일콘텐츠(스마트폰/태블릿PC),KT
모바일콘텐츠(스마트폰/태블릿PC),삼성출판사
모바일콘텐츠(스마트폰/태블릿PC),YTN
모바일콘텐츠(스마트폰/태블릿PC),키다리스튜디오
모바일콘텐츠(스마트폰/태블릿PC),미스터블루
모바일콘텐츠(스마트폰/태블릿PC),케이티알파
모바일콘텐츠(스마트폰/태블릿PC),인포뱅크
모바일콘텐츠(스마트폰/태블릿PC),KT지니뮤직
모바일콘텐츠(스마트폰/태블릿PC),NHN벅스
모바일콘텐츠(스마트폰/태블릿PC),폴라리스오피스
모바일콘텐츠(스마트폰/태블릿PC),디앤씨미디어
삼성페이,코나아이
삼성페이,나이스정보통신
삼성페이,인포바인
삼성페이,갤럭시아머니트리
삼성페이,케이사인
삼성페이,삼성전자
삼성페이,다날
삼성페이,NHN KCP
삼성페이,에이텍모빌리티
삼성페이,KG모빌리언스
삼성페이,아모텍
삼성페이,알에프텍
삼성페이,효성ITX
삼성페이,삼성카드
삼성페이,KG이니시스
삼성페이,파트론
삼성페이,효성
삼성페이,한국정보통신
삼성페이,이루온
삼성페이,유비벨록스
삼성페이,드림시큐리티
삼성페이,지니틱스
삼성페이,한국정보인증
삼성페이,한솔테크닉스
삼성페이,소니드
삼성페이,라온시큐어
NFT(대체불가토큰),컴퍼니케이
NFT(대체불가토큰),핑거
NFT(대체불가토큰),카카오
NFT(대체불가토큰),에이스토리
NFT(대체불가토큰),엔씨소프트
NFT(대체불가토큰),갤럭시아머니트리
NFT(대체불가토큰),NAVER
NFT(대체불가토큰),컴투스홀딩스
NFT(대체불가토큰),삼성전자
NFT(대체불가토큰),위메이드
NFT(대체불가토큰),카카오게임즈
NFT(대체불가토큰),다날
NFT(대체불가토큰),서울옥션
NFT(대체불가토큰),초록뱀미디어
NFT(대체불가토큰),하이브
NFT(대체불가토큰),컴투스
NFT(대체불가토큰),아톤
NFT(대체불가토큰),엠게임
NFT(대체불가토큰),미투온
NFT(대체불가토큰),갤럭시아에스엠
NFT(대체불가토큰),폴라리스오피스
NFT(대체불가토큰),빌리언스
NFT(대체불가토큰),FSN
반도체 재료/부품,와이씨켐
반도체 재료/부품,에스앤에스텍
반도체 재료/부품,ISC
반도체 재료/부품,이엔에프테크놀로지
반도체 재료/부품,마이크로컨텍솔
반도체 재료/부품,동진쎄미켐
반도체 재료/부품,HLB이노베이션
반도체 재료/부품,해성디에스
반도체 재료/부품,디엔에프
반도체 재료/부품,네패스
반도체 재료/부품,램테크놀러지
반도체 재료/부품,천보
반도체 재료/부품,엘티씨
반도체 재료/부품,KX하이텍
반도체 재료/부품,하나마이크론
반도체 재료/부품,덕산테코피아
반도체 재료/부품,오킨스전자
반도체 재료/부품,케이씨텍
반도체 재료/부품,월덱스
반도체 재료/부품,원익QnC
반도체 재료/부품,엠케이전자
반도체 재료/부품,유니트론텍
반도체 재료/부품,덕산하이메탈
반도체 재료/부품,타이거일렉
반도체 재료/부품,에프엔에스테크
반도체 재료/부품,티이엠씨
반도체 재료/부품,비씨엔씨
반도체 재료/부품,한솔아이원스
반도체 재료/부품,후성
반도체 재료/부품,지오엘리먼트
반도체 재료/부품,퓨릿
반도체 재료/부품,에프에스티
반도체 재료/부품,케이엔제이
반도체 재료/부품,두산
반도체 재료/부품,솔브레인
반도체 재료/부품,이녹스첨단소재
반도체 재료/부품,한양디지텍
반도체 재료/부품,에이치브이엠
반도체 재료/부품,하나머티리얼즈
반도체 재료/부품,샘씨엔에스
반도체 재료/부품,티씨케이
반도체 재료/부품,티이엠씨씨엔에스
반도체 재료/부품,원익머트리얼즈
반도체 재료/부품,3S
반도체 재료/부품,삼양엔씨켐
반도체 재료/부품,피엠티
반도체 재료/부품,KEC
반도체 재료/부품,OCI
반도체 재료/부품,에스에이엠티
반도체 재료/부품,뉴파워프라즈마
반도체 재료/부품,KPX케미칼
반도체 재료/부품,제이아이테크
반도체 재료/부품,레이크머티리얼즈
반도체 재료/부품,메카로
반도체 재료/부품,엘케이켐
반도체 재료/부품,웰킵스하이텍
반도체 재료/부품,시노펙스
반도체 재료/부품,메가터치
반도체 재료/부품,마이크로투나노
반도체 재료/부품,미코
PCB(FPCB 등),심텍
PCB(FPCB 등),삼성전기
PCB(FPCB 등),필옵틱스
PCB(FPCB 등),태성
PCB(FPCB 등),코리아써키트
PCB(FPCB 등),펨트론
PCB(FPCB 등),티엘비
PCB(FPCB 등),대덕전자
PCB(FPCB 등),비에이치
PCB(FPCB 등),타이거일렉
PCB(FPCB 등),뉴프렉스
PCB(FPCB 등),화인써키트
PCB(FPCB 등),인터플렉스
PCB(FPCB 등),이녹스첨단소재
PCB(FPCB 등),이수페타시스
PCB(FPCB 등),와이엠티
PCB(FPCB 등),에이엔피
PCB(FPCB 등),자비스
PCB(FPCB 등),현우산업
PCB(FPCB 등),PI첨단소재
PCB(FPCB 등),이브이첨단소재
PCB(FPCB 등),상아프론테크
PCB(FPCB 등),롯데에너지머티리얼즈
PCB(FPCB 등),우리바이오
PCB(FPCB 등),성우테크론
PCB(FPCB 등),와이제이링크
PCB(FPCB 등),시노펙스
PCB(FPCB 등),네오티스
PCB(FPCB 등),아모그린텍
PCB(FPCB 등),디에이피
모듈러주택,삼성물산
모듈러주택,POSCO홀딩스
모듈러주택,자연과환경
모듈러주택,한신공영
모듈러주택,GS건설
모듈러주택,코오롱글로벌
모듈러주택,덕신이피씨
모듈러주택,금강공업
모듈러주택,에스와이
화학섬유,성안머티리얼스
화학섬유,태광산업
화학섬유,대한화섬
화학섬유,휴비스
화학섬유,코오롱인더
화학섬유,효성티앤씨
인터넷은행,코나아이
인터넷은행,인포바인
인터넷은행,카카오
인터넷은행,이니텍
인터넷은행,엑셈
인터넷은행,한컴위드
인터넷은행,포스코DX
인터넷은행,한화생명
인터넷은행,시큐브
인터넷은행,카카오뱅크
인터넷은행,알서포트
인터넷은행,한국전자인증
인터넷은행,KG모빌리언스
인터넷은행,GS리테일
인터넷은행,현대이지웰
인터넷은행,KT
인터넷은행,브리지텍
인터넷은행,예스24
인터넷은행,한국금융지주
인터넷은행,KG이니시스
인터넷은행,인포뱅크
인터넷은행,이글루
인터넷은행,드림시큐리티
인터넷은행,NH투자증권
인터넷은행,한국정보인증
인터넷은행,한세예스24홀딩스
인터넷은행,인지소프트
인터넷은행,KB금융
인터넷은행,라온시큐어
인터넷은행,NICE평가정보
LED장비,레이저쎌
LED장비,주성엔지니어링
LED장비,티에스이
LED장비,기가레인
LED장비,프로텍
LED장비,탑엔지니어링
LED장비,이오테크닉스
LED장비,네온테크
LED장비,미래컴퍼니
LED장비,티씨케이
LED장비,예스티
STO(토큰증권 발행),아이티센글로벌
STO(토큰증권 발행),유라클
STO(토큰증권 발행),핑거
STO(토큰증권 발행),헥토파이낸셜
STO(토큰증권 발행),갤럭시아머니트리
STO(토큰증권 발행),우리기술투자
STO(토큰증권 발행),다날
STO(토큰증권 발행),서울옥션
STO(토큰증권 발행),한화투자증권
STO(토큰증권 발행),키움증권
STO(토큰증권 발행),아톤
STO(토큰증권 발행),아이티아이즈
STO(토큰증권 발행),케이옥션
STO(토큰증권 발행),코리아에셋투자증권
STO(토큰증권 발행),한국금융지주
STO(토큰증권 발행),갤럭시아에스엠
STO(토큰증권 발행),NH투자증권
STO(토큰증권 발행),뱅크웨어글로벌
STO(토큰증권 발행),한국정보인증
STO(토큰증권 발행),SK증권
STO(토큰증권 발행),교보증권
STO(토큰증권 발행),신한지주
STO(토큰증권 발행),하나금융지주
STO(토큰증권 발행),KB금융
STO(토큰증권 발행),유진투자증권
음원/음반,카카오
음원/음반,에스엠
음원/음반,드림어스컴퍼니
음원/음반,YG PLUS
음원/음반,CJ ENM
음원/음반,다날
음원/음반,와이지엔터테인먼트
음원/음반,판타지오
음원/음반,하이브
음원/음반,JYP Ent.
음원/음반,에프엔씨엔터
음원/음반,KT지니뮤직
음원/음반,NHN벅스
음원/음반,알비더블유
건설 대표주,삼성물산
건설 대표주,대우건설
건설 대표주,HDC현대산업개발
건설 대표주,GS건설
건설 대표주,현대건설
건설 대표주,DL이앤씨
보안주(물리),시선AI
보안주(물리),카티스
보안주(물리),인콘
보안주(물리),한화비전
보안주(물리),슈프리마
보안주(물리),벨로크
보안주(물리),싸이버원
보안주(물리),트루엔
보안주(물리),픽셀플러스
보안주(물리),아이디스
보안주(물리),엑시큐어하이트론
보안주(물리),슈프리마에이치큐
보안주(물리),에스원
보안주(물리),이노뎁
보안주(물리),피제이전자
보안주(물리),이랜시스
보안주(물리),앤씨앤
보안주(물리),포커스에이아이
보안주(물리),현대에이치티
조선기자재,성광벤드
조선기자재,태광
조선기자재,동성화인텍
조선기자재,하이록코리아
조선기자재,삼영엠텍
조선기자재,태웅
조선기자재,KS인더스트리
조선기자재,한국카본
조선기자재,대창솔루션
조선기자재,SK오션플랜트
조선기자재,비엠티
조선기자재,STX엔진
조선기자재,인화정공
조선기자재,한라IMS
조선기자재,대양전기공업
조선기자재,한화엔진
조선기자재,케이프
조선기자재,오리엔탈정공
조선기자재,일승
조선기자재,케이에스피
조선기자재,HD현대마린엔진
조선기자재,동방선기
조선기자재,HD현대마린솔루션
조선기자재,에스앤더블류
조선기자재,세진중공업
조선기자재,현대힘스
조선기자재,화인베스틸
조선기자재,메디콕스
폴더블폰,삼성전기
폴더블폰,켐트로닉스
폴더블폰,SKC
폴더블폰,에스코넥
폴더블폰,노바텍
폴더블폰,비에이치
폴더블폰,삼성전자
폴더블폰,인터플렉스
폴더블폰,디케이티
폴더블폰,이녹스첨단소재
폴더블폰,LG화학
폴더블폰,SK이노베이션
폴더블폰,테이팩스
폴더블폰,파인엠텍
폴더블폰,LG디스플레이
폴더블폰,상보
폴더블폰,PI첨단소재
폴더블폰,파인텍
폴더블폰,원익큐브
폴더블폰,동운아나텍
폴더블폰,코오롱인더
폴더블폰,세경하이테크
폴더블폰,KH바텍
폴더블폰,유티아이
조림사업,효성오앤비
조림사업,SK
조림사업,자연과환경
조림사업,제이씨케미칼
조림사업,이건홀딩스
조림사업,한솔홈데코
조림사업,성창기업지주
조림사업,무림P&P
조림사업,이건산업
조림사업,SUN&L
조림사업,동신건설
화폐/금융자동화기기(디지털화폐 등),케이씨티
화폐/금융자동화기기(디지털화폐 등),푸른기술
화폐/금융자동화기기(디지털화폐 등),로지시스
화폐/금융자동화기기(디지털화폐 등),카카오페이
화폐/금융자동화기기(디지털화폐 등),프리엠스
화폐/금융자동화기기(디지털화폐 등),한네트
화폐/금융자동화기기(디지털화폐 등),NICE인프라
화폐/금융자동화기기(디지털화폐 등),케이씨에스
화폐/금융자동화기기(디지털화폐 등),풍산
화폐/금융자동화기기(디지털화폐 등),누리플렉스
MLCC(적층세라믹콘덴서),삼성전기
MLCC(적층세라믹콘덴서),코스모신소재
MLCC(적층세라믹콘덴서),삼화콘덴서
MLCC(적층세라믹콘덴서),네온테크
MLCC(적층세라믹콘덴서),대주전자재료
MLCC(적층세라믹콘덴서),원준
MLCC(적층세라믹콘덴서),아모텍
MLCC(적층세라믹콘덴서),아바텍
MLCC(적층세라믹콘덴서),코칩
MLCC(적층세라믹콘덴서),한울반도체
반도체 장비,유니테스트
반도체 장비,테스
반도체 장비,리노공업
반도체 장비,아이에스티이
반도체 장비,코미코
반도체 장비,파크시스템스
반도체 장비,펨트론
반도체 장비,씨앤지하이테크
반도체 장비,피에스케이홀딩스
반도체 장비,지앤비에스 에코
반도체 장비,에이팩트
반도체 장비,테크윙
반도체 장비,제우스
반도체 장비,엑시콘
반도체 장비,제너셈
반도체 장비,인텍플러스
반도체 장비,레이저쎌
반도체 장비,하나마이크론
반도체 장비,에스티아이
반도체 장비,유진테크
반도체 장비,주성엔지니어링
반도체 장비,코세스
반도체 장비,피에스케이
반도체 장비,네패스아크
반도체 장비,기가비스
반도체 장비,다원넥스뷰
반도체 장비,싸이맥스
반도체 장비,티에스이
반도체 장비,HPSP
반도체 장비,케이씨텍
반도체 장비,엘오티베큠
반도체 장비,한화비전
반도체 장비,오로스테크놀로지
반도체 장비,유니셈
반도체 장비,원익IPS
반도체 장비,기가레인
반도체 장비,탑엔지니어링
반도체 장비,프로텍
반도체 장비,디아이티
반도체 장비,러셀
반도체 장비,아스플로
반도체 장비,이오테크닉스
반도체 장비,아이엠티
반도체 장비,네오셈
반도체 장비,에프에스티
반도체 장비,네온테크
반도체 장비,디바이스
반도체 장비,성도이엔지
반도체 장비,에스에프에이
반도체 장비,미래산업
반도체 장비,한양이엔지
반도체 장비,팸텍
반도체 장비,와이씨
반도체 장비,SFA반도체
반도체 장비,제이티
반도체 장비,티씨케이
반도체 장비,브이엠
반도체 장비,자비스
반도체 장비,티이엠씨씨엔에스
반도체 장비,제이엔비
반도체 장비,케이엔솔
반도체 장비,예스티
반도체 장비,GST
반도체 장비,AP시스템
반도체 장비,제이스텍
반도체 장비,워트
반도체 장비,로체시스템즈
반도체 장비,프로이천
반도체 장비,서진시스템
반도체 장비,서플러스글로벌
반도체 장비,성우테크론
반도체 장비,라온테크
반도체 장비,넥스틴
반도체 장비,디아이
반도체 장비,포인트엔지니어링
반도체 장비,한미반도체
반도체 장비,로보스타
반도체 장비,신성이엔지
반도체 장비,엔투텍
반도체 장비,위드텍
반도체 장비,그린리소스
반도체 장비,알에스오토메이션
반도체 장비,고영
반도체 장비,티에프이
반도체 장비,저스템
반도체 장비,원익홀딩스
반도체 장비,쎄크
반도체 장비,더코디
건설 중소형,계룡건설
건설 중소형,일성건설
건설 중소형,남광토건
건설 중소형,대원
건설 중소형,신원종합개발
건설 중소형,우원개발
건설 중소형,남화토건
건설 중소형,KD
건설 중소형,한신공영
건설 중소형,까뮤이앤씨
건설 중소형,서한
건설 중소형,동원개발
건설 중소형,서희건설
건설 중소형,디와이디
건설 중소형,SGC E&C
건설 중소형,아이에스동서
건설 중소형,태영건설
건설 중소형,삼호개발
건설 중소형,삼일기업공사
건설 중소형,진흥기업
건설 중소형,코오롱글로벌
건설 중소형,금호건설
건설 중소형,동부건설
건설 중소형,HS화성
건설 중소형,KCC건설
건설 중소형,HL D&I
건설 중소형,동신건설
건설 중소형,상지건설
두나무(Dunamu),카카오
두나무(Dunamu),에이티넘인베스트
두나무(Dunamu),DSC인베스트먼트
두나무(Dunamu),우리기술투자
두나무(Dunamu),한화투자증권
두나무(Dunamu),TS인베스트먼트
두나무(Dunamu),네오위즈
두나무(Dunamu),대성창투
두나무(Dunamu),신성이엔지
두나무(Dunamu),코오롱인더
두나무(Dunamu),코오롱
뉴로모픽 반도체,네패스
뉴로모픽 반도체,네패스아크
뉴로모픽 반도체,에이직랜드
뉴로모픽 반도체,삼성전자
뉴로모픽 반도체,오픈엣지테크놀로지
뉴로모픽 반도체,자람테크놀로지
뉴로모픽 반도체,앤씨앤
모바일게임(스마트폰),아이톡시
모바일게임(스마트폰),NHN
모바일게임(스마트폰),넥써쓰
모바일게임(스마트폰),네오위즈홀딩스
모바일게임(스마트폰),엔씨소프트
모바일게임(스마트폰),NAVER
모바일게임(스마트폰),밸로프
모바일게임(스마트폰),시프트업
모바일게임(스마트폰),조이시티
모바일게임(스마트폰),컴투스홀딩스
모바일게임(스마트폰),넷마블
모바일게임(스마트폰),위메이드
모바일게임(스마트폰),카카오게임즈
모바일게임(스마트폰),웹젠
모바일게임(스마트폰),액토즈소프트
모바일게임(스마트폰),데브시스터즈
모바일게임(스마트폰),위메이드맥스
모바일게임(스마트폰),컴투스
모바일게임(스마트폰),엠게임
모바일게임(스마트폰),더블유게임즈
모바일게임(스마트폰),링크드
모바일게임(스마트폰),위메이드플레이
모바일게임(스마트폰),피노
모바일게임(스마트폰),크래프톤
모바일게임(스마트폰),미투온
모바일게임(스마트폰),고스트스튜디오
모바일게임(스마트폰),미스터블루
모바일게임(스마트폰),네오리진
모바일게임(스마트폰),네오위즈
모바일게임(스마트폰),넵튠
모바일게임(스마트폰),썸에이지
모바일게임(스마트폰),한빛소프트
모바일게임(스마트폰),이스트소프트
모바일게임(스마트폰),펄어비스
모바일게임(스마트폰),티쓰리
모바일게임(스마트폰),넥슨게임즈
모바일게임(스마트폰),플레이위드
모바일게임(스마트폰),모비릭스
플렉서블 디스플레이,SKC
플렉서블 디스플레이,필옵틱스
플렉서블 디스플레이,디이엔티
플렉서블 디스플레이,HB솔루션
플렉서블 디스플레이,주성엔지니어링
플렉서블 디스플레이,코세스
플렉서블 디스플레이,비아트론
플렉서블 디스플레이,신도기연
플렉서블 디스플레이,삼성전자
플렉서블 디스플레이,인터플렉스
플렉서블 디스플레이,경인양행
플렉서블 디스플레이,에스에프에이
플렉서블 디스플레이,SK이노베이션
플렉서블 디스플레이,아이컴포넌트
플렉서블 디스플레이,LG디스플레이
플렉서블 디스플레이,PI첨단소재
플렉서블 디스플레이,AP시스템
플렉서블 디스플레이,파인텍
플렉서블 디스플레이,덕산네오룩스
플렉서블 디스플레이,루멘스
플렉서블 디스플레이,코오롱인더
플렉서블 디스플레이,브이원텍
플렉서블 디스플레이,유티아이
블록체인,네오위즈홀딩스
블록체인,카카오
블록체인,이니텍
블록체인,한컴위드
블록체인,SK
블록체인,NAVER
블록체인,케이사인
블록체인,시큐브
블록체인,유수홀딩스
블록체인,위메이드
블록체인,삼성에스디에스
블록체인,한국전자인증
블록체인,KT
블록체인,SGA솔루션즈
블록체인,롯데이노베이트
블록체인,케이엘넷
블록체인,SK텔레콤
블록체인,LG
블록체인,대성창투
블록체인,드림시큐리티
블록체인,SBI핀테크솔루션즈
블록체인,파수
블록체인,라온시큐어
게임,아이톡시
게임,NHN
게임,넥써쓰
게임,네오위즈홀딩스
게임,엔씨소프트
게임,NAVER
게임,밸로프
게임,시프트업
게임,조이시티
게임,넷마블
게임,위메이드
게임,카카오게임즈
게임,웹젠
게임,액토즈소프트
게임,위메이드맥스
게임,컴투스
게임,엠게임
게임,더블유게임즈
게임,크래프톤
게임,미투온
게임,네오리진
게임,네오위즈
게임,넵튠
게임,한빛소프트
게임,손오공
게임,이스트소프트
게임,펄어비스
게임,티쓰리
게임,넥슨게임즈
게임,플레이위드
게임,스코넥
게임,대원미디어
IT 대표주,SK하이닉스
IT 대표주,삼성전자
IT 대표주,LG전자
IT 대표주,삼성에스디에스
IT 대표주,삼성SDI
IT 대표주,LG디스플레이
RFID(NFC 등),코나아이
RFID(NFC 등),SK스퀘어
RFID(NFC 등),SK
RFID(NFC 등),삼성전자
RFID(NFC 등),에이텍모빌리티
RFID(NFC 등),아모텍
RFID(NFC 등),KT
RFID(NFC 등),에스넷
RFID(NFC 등),빅텍
RFID(NFC 등),에이루트
RFID(NFC 등),파트론
RFID(NFC 등),쓰리에이로직스
RFID(NFC 등),이루온
RFID(NFC 등),유비벨록스
RFID(NFC 등),엑스큐어
RFID(NFC 등),소니드
RFID(NFC 등),누리플렉스
RFID(NFC 등),에이스테크
해저터널(지하화/지하도로 등),부산산업
해저터널(지하화/지하도로 등),LS
해저터널(지하화/지하도로 등),우원개발
해저터널(지하화/지하도로 등),특수건설
해저터널(지하화/지하도로 등),동아지질
해저터널(지하화/지하도로 등),세명전기
해저터널(지하화/지하도로 등),LS마린솔루션
해저터널(지하화/지하도로 등),한국선재
해저터널(지하화/지하도로 등),티씨머티리얼즈
아이폰,삼성전기
아이폰,LG이노텍
아이폰,SK하이닉스
아이폰,비에이치
아이폰,삼성전자
아이폰,프로텍
아이폰,인터플렉스
아이폰,아이티엠반도체
아이폰,이녹스첨단소재
아이폰,영풍
아이폰,와이엠티
아이폰,LG화학
아이폰,삼성SDI
아이폰,LG디스플레이
아이폰,LX세미콘
아이폰,덕우전자
아이폰,하이비젼시스템
아이폰,슈피겐코리아
아이폰,덕산네오룩스
아이폰,앤디포스
리튬,앱트뉴로사이언스
리튬,POSCO홀딩스
리튬,에코프로
리튬,천보
리튬,성일하이텍
리튬,유일에너테크
리튬,강원에너지
리튬,미래나노텍
리튬,코스모화학
리튬,엔켐
리튬,후성
리튬,포스코엠텍
리튬,새빗켐
리튬,포스코퓨처엠
리튬,미래산업
리튬,LG화학
리튬,세방전지
리튬,중앙첨단소재
리튬,LG에너지솔루션
리튬,하이드로리튬
리튬,리튬포어스
리튬,광무
리튬,대보마그네틱
냉각시스템(액침냉각 등),한화에어로스페이스
냉각시스템(액침냉각 등),SK
냉각시스템(액침냉각 등),유니셈
냉각시스템(액침냉각 등),LG전자
냉각시스템(액침냉각 등),SK이노베이션
냉각시스템(액침냉각 등),GS
냉각시스템(액침냉각 등),케이엔솔
냉각시스템(액침냉각 등),3S
냉각시스템(액침냉각 등),GST
냉각시스템(액침냉각 등),워트
냉각시스템(액침냉각 등),한중엔시에스
마켓컬리(kurly),DSC인베스트먼트
마켓컬리(kurly),미래에셋벤처투자
마켓컬리(kurly),팜스코
마켓컬리(kurly),지어소프트
마켓컬리(kurly),태경케미컬
마켓컬리(kurly),이씨에스
마켓컬리(kurly),흥국에프엔비
마켓컬리(kurly),SK네트웍스
마켓컬리(kurly),우양
마켓컬리(kurly),케이씨피드
가상화폐(비트코인 등),매커스
가상화폐(비트코인 등),네오위즈홀딩스
가상화폐(비트코인 등),카카오
가상화폐(비트코인 등),에이티넘인베스트
가상화폐(비트코인 등),갤럭시아머니트리
가상화폐(비트코인 등),컴투스홀딩스
가상화폐(비트코인 등),SBI인베스트먼트
가상화폐(비트코인 등),우리기술투자
가상화폐(비트코인 등),위메이드
가상화폐(비트코인 등),다날
가상화폐(비트코인 등),티사이언티픽
가상화폐(비트코인 등),한화투자증권
가상화폐(비트코인 등),제이씨현시스템
가상화폐(비트코인 등),엠게임
가상화폐(비트코인 등),KG모빌리언스
가상화폐(비트코인 등),SGA솔루션즈
가상화폐(비트코인 등),TS인베스트먼트
가상화폐(비트코인 등),네오위즈
가상화폐(비트코인 등),인바이오젠
가상화폐(비트코인 등),뉴온
가상화폐(비트코인 등),위지트
가상화폐(비트코인 등),SGA
가상화폐(비트코인 등),감성코퍼레이션
가상화폐(비트코인 등),FSN
가상화폐(비트코인 등),비트맥스
음성인식,카카오
음성인식,NAVER
음성인식,셀바스AI
음성인식,미디어젠
음성인식,현대모비스
음성인식,가온그룹
음성인식,블루콤
음성인식,코콤
음성인식,브리지텍
음성인식,파인디지털
음성인식,파트론
음성인식,현대에이치티
비료,효성오앤비
비료,조비
비료,남해화학
비료,우진비앤지
비료,농우바이오
비료,태경비케이
비료,체시스
비료,롯데정밀화학
비료,KG케미칼
비료,누보
희귀금속(희토류 등),성안머티리얼스
희귀금속(희토류 등),노바텍
희귀금속(희토류 등),POSCO홀딩스
희귀금속(희토류 등),유니온머티리얼
희귀금속(희토류 등),티플랙스
희귀금속(희토류 등),유니온
희귀금속(희토류 등),현대비앤지스틸
희귀금속(희토류 등),동국알앤에스
희귀금속(희토류 등),EG
희귀금속(희토류 등),대원화성
희귀금속(희토류 등),쎄노텍
희귀금속(희토류 등),그린리소스
희귀금속(희토류 등),삼화전자
희귀금속(희토류 등),LS에코에너지
드론(Drone),매커스
드론(Drone),한화에어로스페이스
드론(Drone),에스코넥
드론(Drone),한컴위드
드론(Drone),덕산하이메탈
드론(Drone),한국항공우주
드론(Drone),인지컨트롤스
드론(Drone),네온테크
드론(Drone),제이씨현시스템
드론(Drone),코콤
드론(Drone),KT
드론(Drone),피씨디렉트
드론(Drone),에이럭스
드론(Drone),엠씨넥스
드론(Drone),기산텔레콤
드론(Drone),휴니드
드론(Drone),딥마인드
드론(Drone),베셀
드론(Drone),켄코아에어로스페이스
드론(Drone),한화시스템
드론(Drone),디티앤씨
드론(Drone),대한항공
드론(Drone),한빛소프트
드론(Drone),퍼스텍
드론(Drone),쎄트렉아이
드론(Drone),LIG넥스원
드론(Drone),티쓰리
드론(Drone),스마트레이더시스템
바이오인식(생체인식),시선AI
바이오인식(생체인식),아이티센피엔에스
바이오인식(생체인식),해성옵틱스
바이오인식(생체인식),시큐브
바이오인식(생체인식),에프에스티
바이오인식(생체인식),드림텍
바이오인식(생체인식),유니퀘스트
바이오인식(생체인식),슈프리마
바이오인식(생체인식),포톤
바이오인식(생체인식),파워로직스
바이오인식(생체인식),엠씨넥스
바이오인식(생체인식),파트론
바이오인식(생체인식),슈프리마에이치큐
바이오인식(생체인식),동운아나텍
바이오인식(생체인식),유니온바이오메트릭스
바이오인식(생체인식),드림시큐리티
바이오인식(생체인식),엑스페릭스
바이오인식(생체인식),라온시큐어
바이오인식(생체인식),알체라
무선충전기술,켐트로닉스
무선충전기술,LS
무선충전기술,LG이노텍
무선충전기술,비에이치
무선충전기술,삼성전자
무선충전기술,LG전자
무선충전기술,알에프텍
무선충전기술,위츠
무선충전기술,이랜텍
무선충전기술,웰킵스하이텍
무선충전기술,한솔테크닉스
무선충전기술,아모센스
AI 챗봇(챗GPT 등),솔트룩스
AI 챗봇(챗GPT 등),코난테크놀로지
AI 챗봇(챗GPT 등),카카오
AI 챗봇(챗GPT 등),한글과컴퓨터
AI 챗봇(챗GPT 등),엑셈
AI 챗봇(챗GPT 등),NAVER
AI 챗봇(챗GPT 등),와이즈넛
AI 챗봇(챗GPT 등),셀바스AI
AI 챗봇(챗GPT 등),마음AI
AI 챗봇(챗GPT 등),이수페타시스
AI 챗봇(챗GPT 등),삼성에스디에스
AI 챗봇(챗GPT 등),바이브컴퍼니
AI 챗봇(챗GPT 등),브리지텍
AI 챗봇(챗GPT 등),브레인즈컴퍼니
AI 챗봇(챗GPT 등),모델솔루션
AI 챗봇(챗GPT 등),인포뱅크
AI 챗봇(챗GPT 등),인스웨이브
AI 챗봇(챗GPT 등),폴라리스오피스
AI 챗봇(챗GPT 등),모코엠시스
AI 챗봇(챗GPT 등),에스피소프트
AI 챗봇(챗GPT 등),데이타솔루션
AI 챗봇(챗GPT 등),영림원소프트랩
AI 챗봇(챗GPT 등),이스트소프트
AI 챗봇(챗GPT 등),유엔젤
AI 챗봇(챗GPT 등),폴라리스AI
AI 챗봇(챗GPT 등),사이냅소프트
AI 챗봇(챗GPT 등),플리토
AI 챗봇(챗GPT 등),글로벌텍스프리
AI 챗봇(챗GPT 등),SKAI
웹툰,NHN
웹툰,카카오
웹툰,NAVER
웹툰,조이시티
웹툰,엔비티
웹툰,핑거스토리
웹툰,탑코미디어
웹툰,키다리스튜디오
웹툰,미투온
웹툰,수성웹툰
웹툰,미스터블루
웹툰,와이랩
웹툰,디앤씨미디어
웹툰,대원미디어
자동차 대표주,기아
자동차 대표주,현대차
자동차 대표주,현대모비스
자동차 대표주,HL만도
자동차 대표주,현대위아
자동차 대표주,한온시스템
자동차 대표주,KG모빌리티
스마트그리드(지능형전력망),한전산업
스마트그리드(지능형전력망),서전기전
스마트그리드(지능형전력망),일진홀딩스
스마트그리드(지능형전력망),CS
스마트그리드(지능형전력망),포스코DX
스마트그리드(지능형전력망),삼화콘덴서
스마트그리드(지능형전력망),지투파워
스마트그리드(지능형전력망),스맥
스마트그리드(지능형전력망),옴니시스템
스마트그리드(지능형전력망),LS ELECTRIC
스마트그리드(지능형전력망),코콤
스마트그리드(지능형전력망),비츠로시스
스마트그리드(지능형전력망),아이앤씨
스마트그리드(지능형전력망),피에스텍
스마트그리드(지능형전력망),비츠로셀
스마트그리드(지능형전력망),아모그린텍
스마트그리드(지능형전력망),피앤씨테크
스마트그리드(지능형전력망),누리플렉스
스마트그리드(지능형전력망),인스코비
스마트그리드(지능형전력망),일진전기
카카오뱅크(kakao BANK),카카오
카카오뱅크(kakao BANK),이니텍
카카오뱅크(kakao BANK),엑셈
카카오뱅크(kakao BANK),카카오뱅크
카카오뱅크(kakao BANK),알서포트
카카오뱅크(kakao BANK),예스24
카카오뱅크(kakao BANK),한국금융지주
카카오뱅크(kakao BANK),인포뱅크
카카오뱅크(kakao BANK),드림시큐리티
카카오뱅크(kakao BANK),한세예스24홀딩스
카카오뱅크(kakao BANK),KB금융
항공기부품,두산에너빌리티
항공기부품,한화에어로스페이스
항공기부품,한국카본
항공기부품,한국항공우주
항공기부품,오르비텍
항공기부품,하이즈항공
항공기부품,현대위아
항공기부품,휴니드
항공기부품,켄코아에어로스페이스
항공기부품,대한항공
항공기부품,아스트
항공기부품,LIG넥스원
항공기부품,이엠코리아
항공기부품,솔디펜스
네옴시티,인디에프
네옴시티,삼성물산
네옴시티,에스엠
네옴시티,성신양회
네옴시티,유신
네옴시티,대한전선
네옴시티,세아홀딩스
네옴시티,도화엔지니어링
네옴시티,SM C&C
네옴시티,비엠티
네옴시티,슈프리마
네옴시티,세아특수강
네옴시티,다스코
네옴시티,수성웹툰
네옴시티,코오롱글로벌
네옴시티,비츠로시스
네옴시티,세아베스틸지주
네옴시티,한미글로벌
네옴시티,SM Life Design
네옴시티,희림
네옴시티,제이엔케이글로벌
네옴시티,에스와이
네옴시티,대모
네옴시티,현대건설
네옴시티,LS에코에너지
네옴시티,SNT에너지
2차전지(장비),디에스케이
2차전지(장비),한빛레이저
2차전지(장비),필옵틱스
2차전지(장비),디이엔티
2차전지(장비),펨트론
2차전지(장비),윤성에프앤씨
2차전지(장비),소프트센
2차전지(장비),HB테크놀러지
2차전지(장비),코세스
2차전지(장비),유일에너테크
2차전지(장비),씨케이솔루션
2차전지(장비),톱텍
2차전지(장비),강원에너지
2차전지(장비),하나기술
2차전지(장비),에이프로
2차전지(장비),피엔티
2차전지(장비),탑엔지니어링
2차전지(장비),디아이티
2차전지(장비),웰크론한텍
2차전지(장비),에스에프에이
2차전지(장비),에이치와이티씨
2차전지(장비),아바코
2차전지(장비),자비스
2차전지(장비),티이엠씨씨엔에스
2차전지(장비),케이엔에스
2차전지(장비),원준
2차전지(장비),씨아이에스
2차전지(장비),지아이텍
2차전지(장비),엠플러스
2차전지(장비),우신시스템
2차전지(장비),코윈테크
2차전지(장비),엔시스
2차전지(장비),필에너지
2차전지(장비),티에스아이
2차전지(장비),파인텍
2차전지(장비),아이비젼웍스
2차전지(장비),대성하이텍
2차전지(장비),피엔티엠에스
2차전지(장비),이노메트리
2차전지(장비),민테크
2차전지(장비),엠오티
2차전지(장비),한울반도체
2차전지(장비),브이원텍
2차전지(장비),나인테크
2차전지(장비),원익피앤이
2차전지(장비),쎄크
2차전지(장비),대보마그네틱
日 수출 규제(국산화 등),에스앤에스텍
日 수출 규제(국산화 등),동진쎄미켐
日 수출 규제(국산화 등),디이엔티
日 수출 규제(국산화 등),램테크놀러지
日 수출 규제(국산화 등),후성
日 수출 규제(국산화 등),경인양행
日 수출 규제(국산화 등),솔브레인
日 수출 규제(국산화 등),이녹스첨단소재
日 수출 규제(국산화 등),아진산업
日 수출 규제(국산화 등),켐트로스
日 수출 규제(국산화 등),PI첨단소재
日 수출 규제(국산화 등),송원산업
日 수출 규제(국산화 등),율촌화학
日 수출 규제(국산화 등),케이피엠테크
日 수출 규제(국산화 등),일지테크
日 수출 규제(국산화 등),우리로
日 수출 규제(국산화 등),삼륭물산
日 수출 규제(국산화 등),한화솔루션
日 수출 규제(국산화 등),풍원정밀
전력설비,한전산업
전력설비,두산에너빌리티
전력설비,한전KPS
전력설비,금화피에스시
전력설비,서전기전
전력설비,LS
전력설비,바이오스마트
전력설비,보성파워텍
전력설비,대한전선
전력설비,지투파워
전력설비,비츠로테크
전력설비,HD현대일렉트릭
전력설비,세명전기
전력설비,LS마린솔루션
전력설비,LS ELECTRIC
전력설비,제룡산업
전력설비,제룡전기
전력설비,에이루트
전력설비,효성중공업
전력설비,비츠로시스
전력설비,서남
전력설비,대원전선
전력설비,제일일렉트릭
전력설비,광명전기
전력설비,가온전선
전력설비,한국전력
전력설비,위너스
전력설비,피앤씨테크
전력설비,일진전기
전력설비,LS에코에너지
전력설비,산일전기
전력설비,티씨머티리얼즈
재난/안전(지진/화재 등),인콘
재난/안전(지진/화재 등),서전기전
재난/안전(지진/화재 등),삼영엠텍
재난/안전(지진/화재 등),대창스틸
재난/안전(지진/화재 등),삼일씨엔에스
재난/안전(지진/화재 등),동아지질
재난/안전(지진/화재 등),LS마린솔루션
재난/안전(지진/화재 등),한국종합기술
재난/안전(지진/화재 등),동양파일
재난/안전(지진/화재 등),HDC현대EP
재난/안전(지진/화재 등),HRS
재난/안전(지진/화재 등),한컴라이프케어
재난/안전(지진/화재 등),파라텍
재난/안전(지진/화재 등),오텍
재난/안전(지진/화재 등),현대에버다임
재난/안전(지진/화재 등),희림
재난/안전(지진/화재 등),하이드로리튬
재난/안전(지진/화재 등),TKG애강
재난/안전(지진/화재 등),유엔젤
재난/안전(지진/화재 등),폴라리스AI
전자파,켐트로닉스
전자파,제너셈
전자파,레몬
전자파,프로텍
전자파,잉크테크
전자파,아모텍
전자파,다산솔루에타
전자파,동일기연
전자파,상신전자
전자파,한미반도체
전자파,아이씨에이치
전자파,성우전자
GTX(수도권 광역급행철도),남광토건
GTX(수도권 광역급행철도),다원시스
GTX(수도권 광역급행철도),대우건설
GTX(수도권 광역급행철도),우원개발
GTX(수도권 광역급행철도),유신
GTX(수도권 광역급행철도),대아티아이
GTX(수도권 광역급행철도),HDC현대산업개발
GTX(수도권 광역급행철도),특수건설
GTX(수도권 광역급행철도),서한
GTX(수도권 광역급행철도),도화엔지니어링
GTX(수도권 광역급행철도),동아지질
GTX(수도권 광역급행철도),세명전기
GTX(수도권 광역급행철도),GS건설
GTX(수도권 광역급행철도),HJ중공업
GTX(수도권 광역급행철도),태영건설
GTX(수도권 광역급행철도),유진기업
GTX(수도권 광역급행철도),금호건설
GTX(수도권 광역급행철도),비츠로시스
GTX(수도권 광역급행철도),동부건설
GTX(수도권 광역급행철도),현대로템
GTX(수도권 광역급행철도),HL D&I
GTX(수도권 광역급행철도),폴라리스AI
GTX(수도권 광역급행철도),현대건설
GTX(수도권 광역급행철도),삼현철강
GTX(수도권 광역급행철도),DL이앤씨
갤럭시 부품주,삼성전기
갤럭시 부품주,자화전자
갤럭시 부품주,켐트로닉스
갤럭시 부품주,에스코넥
갤럭시 부품주,코리아써키트
갤럭시 부품주,레몬
갤럭시 부품주,제이앤티씨
갤럭시 부품주,나무가
갤럭시 부품주,비에이치
갤럭시 부품주,인탑스
갤럭시 부품주,삼성전자
갤럭시 부품주,기가레인
갤럭시 부품주,뉴프렉스
갤럭시 부품주,인터플렉스
갤럭시 부품주,옵트론텍
갤럭시 부품주,이녹스첨단소재
갤럭시 부품주,드림텍
갤럭시 부품주,세코닉스
갤럭시 부품주,캠시스
갤럭시 부품주,아모텍
갤럭시 부품주,알에프텍
갤럭시 부품주,파워로직스
갤럭시 부품주,PI첨단소재
갤럭시 부품주,엠씨넥스
갤럭시 부품주,파트론
갤럭시 부품주,덕산네오룩스
갤럭시 부품주,씨유테크
갤럭시 부품주,모베이스
갤럭시 부품주,이랜텍
갤럭시 부품주,세경하이테크
갤럭시 부품주,KH바텍
갤럭시 부품주,한솔테크닉스
갤럭시 부품주,시노펙스
갤럭시 부품주,신화콘텍
갤럭시 부품주,아모그린텍
갤럭시 부품주,유티아이
갤럭시 부품주,앤디포스
갤럭시 부품주,PS일렉트로닉스
홈쇼핑,태광산업
홈쇼핑,CJ ENM
홈쇼핑,GS리테일
홈쇼핑,현대홈쇼핑
홈쇼핑,롯데쇼핑
온실가스(탄소배출권)/탄소 포집·활용·저장(CCUS),에코아이
온실가스(탄소배출권)/탄소 포집·활용·저장(CCUS),에코프로
온실가스(탄소배출권)/탄소 포집·활용·저장(CCUS),에코프로에이치엔
온실가스(탄소배출권)/탄소 포집·활용·저장(CCUS),그린케미칼
온실가스(탄소배출권)/탄소 포집·활용·저장(CCUS),SJG세종
온실가스(탄소배출권)/탄소 포집·활용·저장(CCUS),후성
온실가스(탄소배출권)/탄소 포집·활용·저장(CCUS),한솔홈데코
온실가스(탄소배출권)/탄소 포집·활용·저장(CCUS),TKG휴켐스
온실가스(탄소배출권)/탄소 포집·활용·저장(CCUS),이건산업
온실가스(탄소배출권)/탄소 포집·활용·저장(CCUS),켐트로스
온실가스(탄소배출권)/탄소 포집·활용·저장(CCUS),에코바이오
온실가스(탄소배출권)/탄소 포집·활용·저장(CCUS),에이치엠넥스
온실가스(탄소배출권)/탄소 포집·활용·저장(CCUS),SGC에너지
온실가스(탄소배출권)/탄소 포집·활용·저장(CCUS),동방
온실가스(탄소배출권)/탄소 포집·활용·저장(CCUS),에어레인
온실가스(탄소배출권)/탄소 포집·활용·저장(CCUS),미코
온실가스(탄소배출권)/탄소 포집·활용·저장(CCUS),유니드
여름,롯데칠성
여름,LG생활건강
여름,조비
여름,배럴
여름,남해화학
여름,DI동일
여름,한울앤제주
여름,위닉스
여름,하림
여름,후성
여름,코웨이
여름,롯데하이마트
여름,태경케미컬
여름,팜스토리
여름,롯데웰푸드
여름,마니커
여름,파세코
여름,에쎈테크
여름,빙그레
여름,하이트진로
여름,3S
여름,에스씨디
여름,오텍
여름,신일전자
여름,동우팜투테이블
여름,보해양조
여름,쿠쿠홈시스
여름,이지홀딩스
마스크,아가방컴퍼니
마스크,비비안
마스크,메디앙스
마스크,레몬
마스크,깨끗한나라
마스크,코데즈컴바인
마스크,톱텍
마스크,동국제약
마스크,조아제약
마스크,디케이앤디
마스크,한컴라이프케어
마스크,웰크론
마스크,애경산업
마스크,일동제약
마스크,JW중외제약
마스크,씨앤투스
마스크,모나리자
마스크,케이피엠테크
마스크,휴비스
마스크,동양
마스크,녹십자엠에스
마스크,크린앤사이언스
마스크,케이엠
마스크,국제약품
손해보험,삼성화재
손해보험,DB손해보험
손해보험,롯데손해보험
손해보험,코리안리
손해보험,한화손해보험
손해보험,흥국화재
손해보험,현대해상
손해보험,서울보증보험
4대강 복원,자연과환경
4대강 복원,우원개발
4대강 복원,특수건설
4대강 복원,홈센타홀딩스
4대강 복원,삼호개발
4대강 복원,웹스
4대강 복원,혜인
4대강 복원,코엔텍
4대강 복원,하이드로리튬
야놀자(Yanolja),한화생명
야놀자(Yanolja),SBI인베스트먼트
야놀자(Yanolja),한화투자증권
야놀자(Yanolja),아주IB투자
야놀자(Yanolja),그래디언트
2차전지,디에스케이
2차전지,한빛레이저
2차전지,한솔케미칼
2차전지,SKC
2차전지,필옵틱스
2차전지,에스코넥
2차전지,에코프로머티
2차전지,에코프로비엠
2차전지,디이엔티
2차전지,POSCO홀딩스
2차전지,피아이이
2차전지,펨트론
2차전지,윤성에프앤씨
2차전지,소프트센
2차전지,HB테크놀러지
2차전지,에코프로
2차전지,코스모신소재
2차전지,나노신소재
2차전지,천보
2차전지,SK아이이테크놀로지
2차전지,레몬
2차전지,덕산테코피아
2차전지,세아메카닉스
2차전지,코세스
2차전지,성일하이텍
2차전지,DI동일
2차전지,유일에너테크
2차전지,씨케이솔루션
2차전지,톱텍
2차전지,강원에너지
2차전지,이닉스
2차전지,엠케이전자
2차전지,하나기술
2차전지,에이프로
2차전지,유에스티
2차전지,피엔티
2차전지,에코앤드림
2차전지,성우하이텍
2차전지,탑엔지니어링
2차전지,자이글
2차전지,디아이티
2차전지,코스모화학
2차전지,엔켐
2차전지,후성
2차전지,코이즈
2차전지,삼아알미늄
2차전지,TCC스틸
2차전지,아이티엠반도체
2차전지,새빗켐
2차전지,포스코퓨처엠
2차전지,솔브레인
2차전지,웰크론한텍
2차전지,에스에프에이
2차전지,신성에스티
2차전지,나노팀
2차전지,영화테크
2차전지,엘앤에프
2차전지,에이치와이티씨
2차전지,LG화학
2차전지,아바코
2차전지,세방전지
2차전지,SK이노베이션
2차전지,상신이디피
2차전지,성우
2차전지,테이팩스
2차전지,동국알앤에스
2차전지,대주전자재료
2차전지,삼성SDI
2차전지,미래컴퍼니
2차전지,조광페인트
2차전지,자비스
2차전지,티이엠씨씨엔에스
2차전지,제이오
2차전지,원준
2차전지,케이엔에스
2차전지,씨아이에스
2차전지,지아이텍
2차전지,엠플러스
2차전지,케이엔솔
2차전지,우신시스템
2차전지,LG에너지솔루션
2차전지,신흥에스이씨
2차전지,에이에프더블류
2차전지,동화기업
2차전지,이녹스
2차전지,파워로직스
2차전지,나라엠앤디
2차전지,켐트로스
2차전지,서원인텍
2차전지,피노
2차전지,PI첨단소재
2차전지,유진테크놀로지
2차전지,코윈테크
2차전지,엔시스
2차전지,조일알미늄
2차전지,제이스텍
2차전지,상아프론테크
2차전지,롯데에너지머티리얼즈
2차전지,필에너지
2차전지,티에스아이
2차전지,파인텍
2차전지,율촌화학
2차전지,이수스페셜티케미컬
2차전지,쎄노텍
2차전지,아이비젼웍스
2차전지,알루코
2차전지,대성하이텍
2차전지,솔브레인홀딩스
2차전지,한농화성
2차전지,황금에스티
2차전지,삼진엘앤디
2차전지,이랜텍
2차전지,피엔티엠에스
2차전지,동원시스템즈
2차전지,에스켐
2차전지,대한유화
2차전지,이노메트리
2차전지,신성델타테크
2차전지,삼기에너지솔루션즈
2차전지,파워넷
2차전지,민테크
2차전지,탑머티리얼
2차전지,엠오티
2차전지,더블유씨피
2차전지,대진첨단소재
2차전지,코칩
2차전지,한울반도체
2차전지,메가터치
2차전지,브이원텍
2차전지,글로벌에스엠
2차전지,나인테크
2차전지,알멕
2차전지,광무
2차전지,KG케미칼
2차전지,고려아연
2차전지,원익피앤이
2차전지,애경케미칼
2차전지,솔루스첨단소재
2차전지,미코
2차전지,쎄크
2차전지,에이아이코리아
2차전지,대보마그네틱
2차전지,케이이엠텍
코리아 밸류업 지수(Korea Value-up Index),심텍
코리아 밸류업 지수(Korea Value-up Index),리노공업
코리아 밸류업 지수(Korea Value-up Index),한화에어로스페이스
코리아 밸류업 지수(Korea Value-up Index),한솔케미칼
코리아 밸류업 지수(Korea Value-up Index),롯데칠성
코리아 밸류업 지수(Korea Value-up Index),한전KPS
코리아 밸류업 지수(Korea Value-up Index),동진쎄미켐
코리아 밸류업 지수(Korea Value-up Index),에스엠
코리아 밸류업 지수(Korea Value-up Index),삼성화재
코리아 밸류업 지수(Korea Value-up Index),코미코
코리아 밸류업 지수(Korea Value-up Index),파크시스템스
코리아 밸류업 지수(Korea Value-up Index),해성디에스
코리아 밸류업 지수(Korea Value-up Index),현대글로비스
코리아 밸류업 지수(Korea Value-up Index),기아
코리아 밸류업 지수(Korea Value-up Index),윤성에프앤씨
코리아 밸류업 지수(Korea Value-up Index),엔씨소프트
코리아 밸류업 지수(Korea Value-up Index),LG이노텍
코리아 밸류업 지수(Korea Value-up Index),나노신소재
코리아 밸류업 지수(Korea Value-up Index),포스코DX
코리아 밸류업 지수(Korea Value-up Index),동서
코리아 밸류업 지수(Korea Value-up Index),에코프로에이치엔
코리아 밸류업 지수(Korea Value-up Index),SK하이닉스
코리아 밸류업 지수(Korea Value-up Index),주성엔지니어링
코리아 밸류업 지수(Korea Value-up Index),피에스케이
코리아 밸류업 지수(Korea Value-up Index),덴티움
코리아 밸류업 지수(Korea Value-up Index),DB하이텍
코리아 밸류업 지수(Korea Value-up Index),HPSP
코리아 밸류업 지수(Korea Value-up Index),원익QnC
코리아 밸류업 지수(Korea Value-up Index),비에이치
코리아 밸류업 지수(Korea Value-up Index),한국항공우주
코리아 밸류업 지수(Korea Value-up Index),삼성전자
코리아 밸류업 지수(Korea Value-up Index),F&F
코리아 밸류업 지수(Korea Value-up Index),DB손해보험
코리아 밸류업 지수(Korea Value-up Index),현대차
코리아 밸류업 지수(Korea Value-up Index),HD현대일렉트릭
코리아 밸류업 지수(Korea Value-up Index),BGF리테일
코리아 밸류업 지수(Korea Value-up Index),포스코인터내셔널
코리아 밸류업 지수(Korea Value-up Index),솔브레인
코리아 밸류업 지수(Korea Value-up Index),셀트리온
코리아 밸류업 지수(Korea Value-up Index),에스에프에이
코리아 밸류업 지수(Korea Value-up Index),현대모비스
코리아 밸류업 지수(Korea Value-up Index),이녹스첨단소재
코리아 밸류업 지수(Korea Value-up Index),TKG휴켐스
코리아 밸류업 지수(Korea Value-up Index),이수페타시스
코리아 밸류업 지수(Korea Value-up Index),하나머티리얼즈
코리아 밸류업 지수(Korea Value-up Index),코웨이
코리아 밸류업 지수(Korea Value-up Index),드림텍
코리아 밸류업 지수(Korea Value-up Index),키움증권
코리아 밸류업 지수(Korea Value-up Index),다우데이타
코리아 밸류업 지수(Korea Value-up Index),동국제약
코리아 밸류업 지수(Korea Value-up Index),JYP Ent.
코리아 밸류업 지수(Korea Value-up Index),에스엘
코리아 밸류업 지수(Korea Value-up Index),티씨케이
코리아 밸류업 지수(Korea Value-up Index),S-Oil
코리아 밸류업 지수(Korea Value-up Index),KT
코리아 밸류업 지수(Korea Value-up Index),미래에셋증권
코리아 밸류업 지수(Korea Value-up Index),LX세미콘
코리아 밸류업 지수(Korea Value-up Index),오리온
코리아 밸류업 지수(Korea Value-up Index),오뚜기
코리아 밸류업 지수(Korea Value-up Index),HS효성첨단소재
코리아 밸류업 지수(Korea Value-up Index),종근당
코리아 밸류업 지수(Korea Value-up Index),두산밥캣
코리아 밸류업 지수(Korea Value-up Index),제일기획
코리아 밸류업 지수(Korea Value-up Index),SOOP
코리아 밸류업 지수(Korea Value-up Index),한국금융지주
코리아 밸류업 지수(Korea Value-up Index),삼양식품
코리아 밸류업 지수(Korea Value-up Index),JW중외제약
코리아 밸류업 지수(Korea Value-up Index),SK텔레콤
코리아 밸류업 지수(Korea Value-up Index),골프존
코리아 밸류업 지수(Korea Value-up Index),미스토홀딩스
코리아 밸류업 지수(Korea Value-up Index),대한항공
코리아 밸류업 지수(Korea Value-up Index),에스원
코리아 밸류업 지수(Korea Value-up Index),넥스틴
코리아 밸류업 지수(Korea Value-up Index),한미반도체
코리아 밸류업 지수(Korea Value-up Index),동원시스템즈
코리아 밸류업 지수(Korea Value-up Index),파마리서치
코리아 밸류업 지수(Korea Value-up Index),한세실업
코리아 밸류업 지수(Korea Value-up Index),콜마비앤에이치
코리아 밸류업 지수(Korea Value-up Index),현대해상
코리아 밸류업 지수(Korea Value-up Index),LIG넥스원
코리아 밸류업 지수(Korea Value-up Index),HD현대인프라코어
코리아 밸류업 지수(Korea Value-up Index),클래시스
코리아 밸류업 지수(Korea Value-up Index),현대엘리베이터
코리아 밸류업 지수(Korea Value-up Index),우리금융지주
코리아 밸류업 지수(Korea Value-up Index),메가스터디교육
코리아 밸류업 지수(Korea Value-up Index),신한지주
코리아 밸류업 지수(Korea Value-up Index),두산테스나
코리아 밸류업 지수(Korea Value-up Index),케이카
코리아 밸류업 지수(Korea Value-up Index),쿠쿠홈시스
코리아 밸류업 지수(Korea Value-up Index),하나금융지주
코리아 밸류업 지수(Korea Value-up Index),씨젠
코리아 밸류업 지수(Korea Value-up Index),KB금융
코리아 밸류업 지수(Korea Value-up Index),고려아연
코리아 밸류업 지수(Korea Value-up Index),효성티앤씨
코리아 밸류업 지수(Korea Value-up Index),팬오션
코리아 밸류업 지수(Korea Value-up Index),KT&G
코리아 밸류업 지수(Korea Value-up Index),한미약품
코리아 밸류업 지수(Korea Value-up Index),한진칼
코리아 밸류업 지수(Korea Value-up Index),메리츠금융지주
코리아 밸류업 지수(Korea Value-up Index),NICE평가정보
코리아 밸류업 지수(Korea Value-up Index),케어젠
코리아 밸류업 지수(Korea Value-up Index),엘앤씨바이오
코리아 밸류업 지수(Korea Value-up Index),HMM
코리아 밸류업 지수(Korea Value-up Index),메디톡스
코리아 밸류업 지수(Korea Value-up Index),경동나비엔
태양광에너지,매커스
태양광에너지,대명에너지
태양광에너지,유니테스트
태양광에너지,삼성물산
태양광에너지,코미코
태양광에너지,다원시스
태양광에너지,지앤비에스 에코
태양광에너지,뉴인텍
태양광에너지,나노신소재
태양광에너지,주성엔지니어링
태양광에너지,엘오티베큠
태양광에너지,지투파워
태양광에너지,도화엔지니어링
태양광에너지,원익IPS
태양광에너지,이건홀딩스
태양광에너지,에스폴리텍
태양광에너지,아바코
태양광에너지,금양그린파워
태양광에너지,대주전자재료
태양광에너지,LS ELECTRIC
태양광에너지,SDN
태양광에너지,OCI홀딩스
태양광에너지,KCC
태양광에너지,다스코
태양광에너지,OCI
태양광에너지,코오롱글로벌
태양광에너지,혜인
태양광에너지,신성이엔지
태양광에너지,레이크머티리얼즈
태양광에너지,씨엔플러스
태양광에너지,에스와이
태양광에너지,한솔테크닉스
태양광에너지,알에스오토메이션
태양광에너지,광명전기
태양광에너지,한국전력
태양광에너지,에스에너지
태양광에너지,수산인더스트리
태양광에너지,SK이터닉스
태양광에너지,한화솔루션
태양광에너지,HD현대에너지솔루션
태양광에너지,한화
태양광에너지,캐리
태양광에너지,대성파인텍
태양광에너지,그리드위즈
태양광에너지,DGP
태양광에너지,파루
클라우드 컴퓨팅,솔트룩스
클라우드 컴퓨팅,한글과컴퓨터
클라우드 컴퓨팅,케이아이엔엑스
클라우드 컴퓨팅,엑셈
클라우드 컴퓨팅,SK
클라우드 컴퓨팅,포스코DX
클라우드 컴퓨팅,NAVER
클라우드 컴퓨팅,케이사인
클라우드 컴퓨팅,아이티센엔텍
클라우드 컴퓨팅,다우기술
클라우드 컴퓨팅,포시에스
클라우드 컴퓨팅,안랩
클라우드 컴퓨팅,오픈베이스
클라우드 컴퓨팅,삼성에스디에스
클라우드 컴퓨팅,KT
클라우드 컴퓨팅,SGA솔루션즈
클라우드 컴퓨팅,파이오링크
클라우드 컴퓨팅,LG씨엔에스
클라우드 컴퓨팅,엠로
클라우드 컴퓨팅,효성ITX
클라우드 컴퓨팅,DB
클라우드 컴퓨팅,SK텔레콤
클라우드 컴퓨팅,엔텔스
클라우드 컴퓨팅,휴네시온
클라우드 컴퓨팅,폴라리스오피스
클라우드 컴퓨팅,에스피소프트
클라우드 컴퓨팅,영림원소프트랩
클라우드 컴퓨팅,가비아
클라우드 컴퓨팅,솔트웨어
클라우드 컴퓨팅,유엔젤
클라우드 컴퓨팅,SGA
클라우드 컴퓨팅,나무기술
클라우드 컴퓨팅,비투엔
클라우드 컴퓨팅,포니링크
클라우드 컴퓨팅,더존비즈온
2차전지(소재/부품),한솔케미칼
2차전지(소재/부품),SKC
2차전지(소재/부품),에스코넥
2차전지(소재/부품),에코프로머티
2차전지(소재/부품),에코프로비엠
2차전지(소재/부품),POSCO홀딩스
2차전지(소재/부품),에코프로
2차전지(소재/부품),코스모신소재
2차전지(소재/부품),나노신소재
2차전지(소재/부품),천보
2차전지(소재/부품),SK아이이테크놀로지
2차전지(소재/부품),덕산테코피아
2차전지(소재/부품),DI동일
2차전지(소재/부품),강원에너지
2차전지(소재/부품),이닉스
2차전지(소재/부품),엠케이전자
2차전지(소재/부품),유에스티
2차전지(소재/부품),에코앤드림
2차전지(소재/부품),성우하이텍
2차전지(소재/부품),코스모화학
2차전지(소재/부품),엔켐
2차전지(소재/부품),후성
2차전지(소재/부품),코이즈
2차전지(소재/부품),삼아알미늄
2차전지(소재/부품),TCC스틸
2차전지(소재/부품),아이티엠반도체
2차전지(소재/부품),포스코퓨처엠
2차전지(소재/부품),솔브레인
2차전지(소재/부품),신성에스티
2차전지(소재/부품),나노팀
2차전지(소재/부품),영화테크
2차전지(소재/부품),엘앤에프
2차전지(소재/부품),LG화학
2차전지(소재/부품),상신이디피
2차전지(소재/부품),성우
2차전지(소재/부품),테이팩스
2차전지(소재/부품),대주전자재료
2차전지(소재/부품),동국알앤에스
2차전지(소재/부품),조광페인트
2차전지(소재/부품),신흥에스이씨
2차전지(소재/부품),에이에프더블류
2차전지(소재/부품),동화기업
2차전지(소재/부품),이녹스
2차전지(소재/부품),파워로직스
2차전지(소재/부품),나라엠앤디
2차전지(소재/부품),켐트로스
2차전지(소재/부품),서원인텍
2차전지(소재/부품),피노
2차전지(소재/부품),PI첨단소재
2차전지(소재/부품),유진테크놀로지
2차전지(소재/부품),조일알미늄
2차전지(소재/부품),상아프론테크
2차전지(소재/부품),롯데에너지머티리얼즈
2차전지(소재/부품),율촌화학
2차전지(소재/부품),쎄노텍
2차전지(소재/부품),알루코
2차전지(소재/부품),솔브레인홀딩스
2차전지(소재/부품),한농화성
2차전지(소재/부품),황금에스티
2차전지(소재/부품),삼진엘앤디
2차전지(소재/부품),이랜텍
2차전지(소재/부품),동원시스템즈
2차전지(소재/부품),에스켐
2차전지(소재/부품),대한유화
2차전지(소재/부품),신성델타테크
2차전지(소재/부품),삼기에너지솔루션즈
2차전지(소재/부품),더블유씨피
2차전지(소재/부품),대진첨단소재
2차전지(소재/부품),메가터치
2차전지(소재/부품),글로벌에스엠
2차전지(소재/부품),알멕
2차전지(소재/부품),광무
2차전지(소재/부품),KG케미칼
2차전지(소재/부품),고려아연
2차전지(소재/부품),애경케미칼
2차전지(소재/부품),솔루스첨단소재
2차전지(소재/부품),케이이엠텍
마이크로 LED,광전자
마이크로 LED,코세스
마이크로 LED,큐에스아이
마이크로 LED,삼성전자
마이크로 LED,LG전자
마이크로 LED,사피엔반도체
마이크로 LED,서울반도체
마이크로 LED,영우디에스피
마이크로 LED,루멘스
마이크로 LED,원풍물산
마이크로 LED,라온텍
폐기물처리,서한
폐기물처리,한솔홀딩스
폐기물처리,인선이엔티
폐기물처리,태영건설
폐기물처리,와이엔텍
폐기물처리,코엔텍
SI(시스템통합),아이티센글로벌
SI(시스템통합),SK
SI(시스템통합),포스코DX
SI(시스템통합),아이티센엔텍
SI(시스템통합),신세계 I&C
SI(시스템통합),다우기술
SI(시스템통합),아이크래프트
SI(시스템통합),삼성에스디에스
SI(시스템통합),오파스넷
SI(시스템통합),에스트래픽
SI(시스템통합),SGA솔루션즈
SI(시스템통합),LG씨엔에스
SI(시스템통합),오상자이엘
SI(시스템통합),롯데이노베이트
SI(시스템통합),링네트
SI(시스템통합),케이엘넷
SI(시스템통합),대신정보통신
SI(시스템통합),한화시스템
SI(시스템통합),DB
SI(시스템통합),정원엔시스
SI(시스템통합),비트컴퓨터
SI(시스템통합),케이씨에스
SI(시스템통합),데이타솔루션
SI(시스템통합),아시아나IDT
SI(시스템통합),현대무벡스
SI(시스템통합),SGA
SI(시스템통합),현대오토에버
SI(시스템통합),나무기술
SI(시스템통합),광무
SI(시스템통합),한솔인티큐브
2차전지(전고체),삼성전기
2차전지(전고체),천보
2차전지(전고체),SK아이이테크놀로지
2차전지(전고체),레몬
2차전지(전고체),덕산테코피아
2차전지(전고체),유일에너테크
2차전지(전고체),하나기술
2차전지(전고체),아바코
2차전지(전고체),SK이노베이션
2차전지(전고체),테이팩스
2차전지(전고체),대주전자재료
2차전지(전고체),삼성SDI
2차전지(전고체),미래컴퍼니
2차전지(전고체),원준
2차전지(전고체),씨아이에스
2차전지(전고체),LG에너지솔루션
2차전지(전고체),동화기업
2차전지(전고체),이브이첨단소재
2차전지(전고체),코윈테크
2차전지(전고체),롯데에너지머티리얼즈
2차전지(전고체),티에스아이
2차전지(전고체),이수스페셜티케미컬
2차전지(전고체),한농화성
2차전지(전고체),레이크머티리얼즈
2차전지(전고체),민테크
2차전지(전고체),엠오티
2차전지(전고체),나인테크
2차전지(전고체),석경에이티
2차전지(전고체),미코
정유,SK이노베이션
정유,GS
정유,S-Oil
2차전지(생산),SK이노베이션
2차전지(생산),삼성SDI
2차전지(생산),LG에너지솔루션
SNS(소셜네트워크서비스),카카오
SNS(소셜네트워크서비스),갤럭시아머니트리
SNS(소셜네트워크서비스),NAVER
SNS(소셜네트워크서비스),SOOP
SNS(소셜네트워크서비스),인포뱅크
SNS(소셜네트워크서비스),NHN벅스
SNS(소셜네트워크서비스),이루온
SNS(소셜네트워크서비스),가비아
SNS(소셜네트워크서비스),유엔젤
SNS(소셜네트워크서비스),포니링크
골프,모나용평
골프,골프존홀딩스
골프,아난티
골프,브이씨
골프,베뉴지
골프,와이엔텍
골프,남화산업
골프,KX
골프,골프존
골프,미스토홀딩스
골프,한세엠케이
골프,크리스에프앤씨
골프,형지글로벌
골프,뷰웍스
골프,라온피플
테마파크,닷밀
테마파크,시공테크
테마파크,한국종합기술
테마파크,이월드
테마파크,국보디자인
테마파크,현대건설
OLED(유기 발광 다이오드),한솔케미칼
OLED(유기 발광 다이오드),참엔지니어링
OLED(유기 발광 다이오드),필옵틱스
OLED(유기 발광 다이오드),이엘피
OLED(유기 발광 다이오드),HB테크놀러지
OLED(유기 발광 다이오드),램테크놀러지
OLED(유기 발광 다이오드),HB솔루션
OLED(유기 발광 다이오드),나노신소재
OLED(유기 발광 다이오드),천보
OLED(유기 발광 다이오드),나래나노텍
OLED(유기 발광 다이오드),한켐
OLED(유기 발광 다이오드),덕산테코피아
OLED(유기 발광 다이오드),주성엔지니어링
OLED(유기 발광 다이오드),티에스이
OLED(유기 발광 다이오드),엘오티베큠
OLED(유기 발광 다이오드),톱텍
OLED(유기 발광 다이오드),비아트론
OLED(유기 발광 다이오드),신도기연
OLED(유기 발광 다이오드),삼성전자
OLED(유기 발광 다이오드),에프엔에스테크
OLED(유기 발광 다이오드),원익IPS
OLED(유기 발광 다이오드),아이씨디
OLED(유기 발광 다이오드),탑엔지니어링
OLED(유기 발광 다이오드),디아이티
OLED(유기 발광 다이오드),한솔아이원스
OLED(유기 발광 다이오드),탑런토탈솔루션
OLED(유기 발광 다이오드),디바이스
OLED(유기 발광 다이오드),에스에프에이
OLED(유기 발광 다이오드),이녹스첨단소재
OLED(유기 발광 다이오드),LG전자
OLED(유기 발광 다이오드),동아엘텍
OLED(유기 발광 다이오드),LG화학
OLED(유기 발광 다이오드),에이치브이엠
OLED(유기 발광 다이오드),아바코
OLED(유기 발광 다이오드),APS
OLED(유기 발광 다이오드),넥사다이내믹스
OLED(유기 발광 다이오드),아이컴포넌트
OLED(유기 발광 다이오드),예선테크
OLED(유기 발광 다이오드),미래컴퍼니
OLED(유기 발광 다이오드),제이엠티
OLED(유기 발광 다이오드),선익시스템
OLED(유기 발광 다이오드),LG디스플레이
OLED(유기 발광 다이오드),우리넷
OLED(유기 발광 다이오드),한국컴퓨터
OLED(유기 발광 다이오드),예스티
OLED(유기 발광 다이오드),핌스
OLED(유기 발광 다이오드),야스
OLED(유기 발광 다이오드),원익머트리얼즈
OLED(유기 발광 다이오드),LX세미콘
OLED(유기 발광 다이오드),PI첨단소재
OLED(유기 발광 다이오드),힘스
OLED(유기 발광 다이오드),티로보틱스
OLED(유기 발광 다이오드),AP시스템
OLED(유기 발광 다이오드),제이스텍
OLED(유기 발광 다이오드),상아프론테크
OLED(유기 발광 다이오드),파인텍
OLED(유기 발광 다이오드),인베니아
OLED(유기 발광 다이오드),베셀
OLED(유기 발광 다이오드),덕산네오룩스
OLED(유기 발광 다이오드),프로이천
OLED(유기 발광 다이오드),영우디에스피
OLED(유기 발광 다이오드),뉴파워프라즈마
OLED(유기 발광 다이오드),피엔티엠에스
OLED(유기 발광 다이오드),포인트엔지니어링
OLED(유기 발광 다이오드),이엠앤아이
OLED(유기 발광 다이오드),에스켐
OLED(유기 발광 다이오드),로보스타
OLED(유기 발광 다이오드),와이엠씨
OLED(유기 발광 다이오드),웰킵스하이텍
OLED(유기 발광 다이오드),한울반도체
OLED(유기 발광 다이오드),브이원텍
OLED(유기 발광 다이오드),나인테크
OLED(유기 발광 다이오드),엘디티
OLED(유기 발광 다이오드),솔루스첨단소재
OLED(유기 발광 다이오드),풍원정밀
OLED(유기 발광 다이오드),피엔에이치테크
OLED(유기 발광 다이오드),킵스파마
OLED(유기 발광 다이오드),와이투솔루션
철도,부산산업
철도,하이록코리아
철도,남광토건
철도,다원시스
철도,우리기술
철도,우원개발
철도,푸른기술
철도,유신
철도,대아티아이
철도,특수건설
철도,서한
철도,비츠로테크
철도,도화엔지니어링
철도,삼일씨엔에스
철도,서암기계공업
철도,동아지질
철도,대호에이엘
철도,현대제철
철도,세명전기
철도,한국종합기술
철도,국영지앤엠
철도,HDC랩스
철도,에스피지
철도,옵티시스
철도,에스트래픽
철도,우리넷
철도,동일제강
철도,우림피티에스
철도,대양전기공업
철도,제룡전기
철도,비츠로시스
철도,알루코
철도,대원전선
철도,황금에스티
철도,빛샘전자
철도,케이씨에스
철도,현대로템
철도,와이어블
철도,폴라리스AI
철도,이엠코리아
철도,삼현철강
철도,피앤씨테크
철도,메디콕스
사료,고려산업
사료,애드바이오텍
사료,미래생명자원
사료,팜스코
사료,우진비앤지
사료,우성
사료,사조동아원
사료,한탑
사료,CJ제일제당
사료,대주산업
사료,팜스토리
사료,한일사료
사료,대한제당
사료,케이씨피드
사료,오에스피
사료,씨티씨바이오
사료,선진
사료,이지홀딩스
사료,이지바이오
탄소나노튜브(CNT),오픈베이스
탄소나노튜브(CNT),LG화학
탄소나노튜브(CNT),제이오
탄소나노튜브(CNT),상보
탄소나노튜브(CNT),금호석유화학
의료AI,시선AI
의료AI,드림씨아이에스
의료AI,뷰노
의료AI,모아데이타
의료AI,신테카바이오
의료AI,셀바스AI
의료AI,셀바스헬스케어
의료AI,젠큐릭스
의료AI,비스토스
의료AI,노을
의료AI,파로스아이바이오
의료AI,제이에스링크
의료AI,코어라인소프트
의료AI,인성정보
의료AI,루닛
의료AI,토마토시스템
의료AI,딥노이드
의료AI,이지케어텍
의료AI,제이엘케이
의료AI,소니드
의료AI,온코크로스
의료AI,셀루메드
의료AI,쓰리빌리언
의료AI,씨어스테크놀로지
의료AI,랩지노믹스
의료AI,메디아나
의료AI,엔젠바이오
의료AI,로킷헬스케어
의료AI,스피어
제습기,위닉스
제습기,삼성전자
제습기,LG전자
제습기,코웨이
제습기,에스피지
제습기,파세코
제습기,신일전자
제습기,쿠쿠홈시스
UAM(도심항공모빌리티),한화에어로스페이스
UAM(도심항공모빌리티),카카오
UAM(도심항공모빌리티),한국카본
UAM(도심항공모빌리티),서연이화
UAM(도심항공모빌리티),한국항공우주
UAM(도심항공모빌리티),현대차
UAM(도심항공모빌리티),제주항공
UAM(도심항공모빌리티),네온테크
UAM(도심항공모빌리티),GS
UAM(도심항공모빌리티),하이즈항공
UAM(도심항공모빌리티),KT
UAM(도심항공모빌리티),기산텔레콤
UAM(도심항공모빌리티),베셀
UAM(도심항공모빌리티),한화시스템
UAM(도심항공모빌리티),켄코아에어로스페이스
UAM(도심항공모빌리티),SK텔레콤
UAM(도심항공모빌리티),남성
UAM(도심항공모빌리티),대한항공
UAM(도심항공모빌리티),파이버프로
UAM(도심항공모빌리티),우수AMS
UAM(도심항공모빌리티),퍼스텍
UAM(도심항공모빌리티),LIG넥스원
UAM(도심항공모빌리티),현대건설
UAM(도심항공모빌리티),넥센타이어
UAM(도심항공모빌리티),LG유플러스
그래핀,크리스탈신소재
그래핀,덕산하이메탈
그래핀,엑사이엔씨
그래핀,엘엠에스
그래핀,경인양행
그래핀,대창
그래핀,상보
그래핀,디와이덕양
그래핀,다산솔루에타
그래핀,휴비스
그래핀,아이텍
그래핀,오리엔트정공
전기차,한빛레이저
전기차,SKC
전기차,삼화전기
전기차,코스텍시스
전기차,기아
전기차,로스웰
전기차,엣지파운드리
전기차,코스모신소재
전기차,뉴인텍
전기차,우리산업
전기차,세아메카닉스
전기차,삼화콘덴서
전기차,대창스틸
전기차,화신
전기차,유일에너테크
전기차,강원에너지
전기차,이닉스
전기차,LS머트리얼즈
전기차,한국단자
전기차,유에스티
전기차,아이윈
전기차,인지컨트롤스
전기차,SNT모티브
전기차,현대차
전기차,엔켐
전기차,씨티알모빌리티
전기차,삼영
전기차,현대모비스
전기차,나노팀
전기차,신성에스티
전기차,LG전자
전기차,성문전자
전기차,영화테크
전기차,엘앤에프
전기차,LG화학
전기차,티플랙스
전기차,아이에이
전기차,SK이노베이션
전기차,상신이디피
전기차,현대공업
전기차,성창오토텍
전기차,삼성SDI
전기차,삼보모터스
전기차,HL만도
전기차,LS ELECTRIC
전기차,씨아이에스
전기차,엠플러스
전기차,엠에스오토텍
전기차,아진산업
전기차,우신시스템
전기차,LG에너지솔루션
전기차,신흥에스이씨
전기차,현대위아
전기차,한온시스템
전기차,파워로직스
전기차,나라엠앤디
전기차,디와이덕양
전기차,한일단조
전기차,명신산업
전기차,포스코스틸리온
전기차,지엠비코리아
전기차,상아프론테크
전기차,삼영에스앤씨
전기차,KG모빌리티
전기차,모베이스전자
전기차,KEC
전기차,계양전기
전기차,서진시스템
전기차,하이젠알앤엠
전기차,한주라이트메탈
전기차,금호에이치티
전기차,휴맥스
전기차,인팩
전기차,경창산업
전기차,아진전자부품
전기차,네오오토
전기차,우수AMS
전기차,와이엠텍
전기차,삼기에너지솔루션즈
전기차,에코플라스틱
전기차,폴라리스세원
전기차,피에스텍
전기차,동아화성
전기차,디아이씨
전기차,삼화전자
전기차,한국앤컴퍼니
전기차,성호전자
전기차,한중엔시에스
전기차,네오티스
전기차,아모그린텍
전기차,글로벌에스엠
전기차,삼기
전기차,알멕
전기차,모티브링크
전기차,원익피앤이
전기차,이지트로닉스
전기차,엠투엔
전기차,솔루스첨단소재
음식료업종,에르코스
음식료업종,롯데칠성
음식료업종,CJ프레시웨이
음식료업종,미래생명자원
음식료업종,우듬지팜
음식료업종,동서
음식료업종,LG생활건강
음식료업종,팜스빌
음식료업종,한울앤제주
음식료업종,신세계푸드
음식료업종,조흥
음식료업종,보라티알
음식료업종,더본코리아
음식료업종,사조동아원
음식료업종,현대그린푸드
음식료업종,한탑
음식료업종,뉴트리
음식료업종,태원물산
음식료업종,CJ제일제당
음식료업종,휴럼
음식료업종,에이치피오
음식료업종,롯데웰푸드
음식료업종,해태제과식품
음식료업종,푸드웰
음식료업종,하이트진로홀딩스
음식료업종,빙그레
음식료업종,하이트진로
음식료업종,대상
음식료업종,농심
음식료업종,오리온
음식료업종,매일유업
음식료업종,오뚜기
음식료업종,신송홀딩스
음식료업종,흥국에프엔비
음식료업종,티엔엔터테인먼트
음식료업종,삼양식품
음식료업종,샘표식품
음식료업종,정다운
음식료업종,네오크레마
음식료업종,에이치엘사이언스
음식료업종,삼양사
음식료업종,대한제당
음식료업종,남양유업
음식료업종,대한제분
음식료업종,한국맥널티
음식료업종,마니커에프앤지
음식료업종,인산가
음식료업종,국순당
음식료업종,우양
음식료업종,크라운제과
음식료업종,풀무원
음식료업종,비피도
음식료업종,네이처셀
음식료업종,HK이노엔
음식료업종,푸드나무
음식료업종,교촌에프앤비
음식료업종,SPC삼립
음식료업종,동원F&B
음식료업종,바이오포트
음식료업종,엠에스씨
음식료업종,미트박스
음식료업종,서울식품
음식료업종,에스앤디
음식료업종,노바렉스
음식료업종,코스맥스엔비티
2차전지(LFP/리튬인산철),팬스타엔터프라이즈
2차전지(LFP/리튬인산철),소프트센
2차전지(LFP/리튬인산철),자이글
2차전지(LFP/리튬인산철),엘앤에프
2차전지(LFP/리튬인산철),SK이노베이션
2차전지(LFP/리튬인산철),EG
2차전지(LFP/리튬인산철),씨아이에스
2차전지(LFP/리튬인산철),LG에너지솔루션
2차전지(LFP/리튬인산철),코윈테크
2차전지(LFP/리튬인산철),파워넷
2차전지(LFP/리튬인산철),탑머티리얼
2차전지(LFP/리튬인산철),아모그린텍
2차전지(LFP/리튬인산철),브이티
철강 주요종목,POSCO홀딩스
철강 주요종목,한국철강
철강 주요종목,현대제철
철강 주요종목,고려제강
철강 주요종목,포스코스틸리온
철강 주요종목,KG스틸
철강 주요종목,세아베스틸지주
철강 주요종목,대한제강
철강 주요종목,동국씨엠
철강 주요종목,세아제강
철강 주요종목,동국제강
셰일가스(Shale Gas),두산에너빌리티
셰일가스(Shale Gas),한국카본
셰일가스(Shale Gas),비에이치아이
셰일가스(Shale Gas),포스코인터내셔널
셰일가스(Shale Gas),우림피티에스
셰일가스(Shale Gas),SK가스
셰일가스(Shale Gas),SH에너지화학
셰일가스(Shale Gas),한국가스공사
셰일가스(Shale Gas),E1
셰일가스(Shale Gas),한국전력
셰일가스(Shale Gas),SNT에너지
교육/온라인 교육,윌비스
교육/온라인 교육,캐리소프트
교육/온라인 교육,웅진씽크빅
교육/온라인 교육,데이원컴퍼니
교육/온라인 교육,아이비김영
교육/온라인 교육,메가엠디
교육/온라인 교육,골드앤에스
교육/온라인 교육,아이스크림미디어
교육/온라인 교육,YBM넷
교육/온라인 교육,NE능률
교육/온라인 교육,멀티캠퍼스
교육/온라인 교육,비상교육
교육/온라인 교육,삼성출판사
교육/온라인 교육,에이럭스
교육/온라인 교육,대교
교육/온라인 교육,메가스터디
교육/온라인 교육,DB
교육/온라인 교육,정상제이엘에스
교육/온라인 교육,비트컴퓨터
교육/온라인 교육,크레버스
교육/온라인 교육,아이스크림에듀
교육/온라인 교육,유엔젤
교육/온라인 교육,로보로보
교육/온라인 교육,메가스터디교육
교육/온라인 교육,SGA
교육/온라인 교육,디지털대성
교육/온라인 교육,이퓨쳐
교육/온라인 교육,유비온
수자원(양적/질적 개선),두산에너빌리티
수자원(양적/질적 개선),우리기술
수자원(양적/질적 개선),자연과환경
수자원(양적/질적 개선),대우건설
수자원(양적/질적 개선),유신
수자원(양적/질적 개선),도화엔지니어링
수자원(양적/질적 개선),삼성E&A
수자원(양적/질적 개선),에너토크
수자원(양적/질적 개선),GS건설
수자원(양적/질적 개선),웰크론한텍
수자원(양적/질적 개선),한국종합기술
수자원(양적/질적 개선),와토스코리아
수자원(양적/질적 개선),코웨이
수자원(양적/질적 개선),뉴보텍
수자원(양적/질적 개선),한국주철관
수자원(양적/질적 개선),태영건설
수자원(양적/질적 개선),코오롱글로벌
수자원(양적/질적 개선),금호건설
수자원(양적/질적 개선),비츠로시스
수자원(양적/질적 개선),엔바이오니아
수자원(양적/질적 개선),TKG애강
수자원(양적/질적 개선),시노펙스
수자원(양적/질적 개선),CSA 코스믹
수자원(양적/질적 개선),코오롱생명과학
수자원(양적/질적 개선),KG케미칼
수자원(양적/질적 개선),동양철관
수자원(양적/질적 개선),하이스틸
건강기능식품,에르코스
건강기능식품,내츄럴엔도텍
건강기능식품,DXVX
건강기능식품,모아라이프플러스
건강기능식품,대상홀딩스
건강기능식품,시너지이노베이션
건강기능식품,LG생활건강
건강기능식품,팜스빌
건강기능식품,뉴트리
건강기능식품,알피바이오
건강기능식품,휴럼
건강기능식품,에이치피오
건강기능식품,서흥
건강기능식품,종근당바이오
건강기능식품,비엘팜텍
건강기능식품,우리이앤엘
건강기능식품,메디포스트
건강기능식품,딥마인드
건강기능식품,에이치엘사이언스
건강기능식품,프롬바이오
건강기능식품,청담글로벌
건강기능식품,뉴온
건강기능식품,쎌바이오텍
건강기능식품,경남제약
건강기능식품,콜마비앤에이치
건강기능식품,헬릭스미스
건강기능식품,휴온스
건강기능식품,대원제약
건강기능식품,비피도
건강기능식품,HK이노엔
건강기능식품,아이진
건강기능식품,네오팜
건강기능식품,케이엠제약
건강기능식품,셀로맥스사이언스
건강기능식품,종근당홀딩스
건강기능식품,KT&G
건강기능식품,그래디언트
건강기능식품,에스앤디
건강기능식품,녹십자웰빙
건강기능식품,노바렉스
건강기능식품,케어젠
건강기능식품,코스맥스엔비티
건강기능식품,아미코젠
요소수,유니온머티리얼
요소수,TKG휴켐스
요소수,유니온
요소수,롯데정밀화학
요소수,KG케미칼
보안주(정보),나노실리칸첨단소재
보안주(정보),아이티센피엔에스
보안주(정보),플랜티넷
보안주(정보),라닉스
보안주(정보),이니텍
보안주(정보),한컴위드
보안주(정보),케이사인
보안주(정보),시큐브
보안주(정보),소프트캠프
보안주(정보),샌즈랩
보안주(정보),티사이언티픽
보안주(정보),안랩
보안주(정보),오픈베이스
보안주(정보),다우데이타
보안주(정보),한국전자인증
보안주(정보),아톤
보안주(정보),지란지교시큐리티
보안주(정보),헥토이노베이션
보안주(정보),지니언스
보안주(정보),벨로크
보안주(정보),엑스게이트
보안주(정보),SGA솔루션즈
보안주(정보),싸이버원
보안주(정보),파이오링크
보안주(정보),신시웨이
보안주(정보),에스넷
보안주(정보),에스에스알
보안주(정보),모니터랩
보안주(정보),수산아이앤티
보안주(정보),윈스테크넷
보안주(정보),코닉오토메이션
보안주(정보),이글루
보안주(정보),휴네시온
보안주(정보),에스원
보안주(정보),모코엠시스
보안주(정보),인스피언
보안주(정보),드림시큐리티
보안주(정보),가비아
보안주(정보),이스트소프트
보안주(정보),파수
보안주(정보),나노씨엠에스
보안주(정보),한국정보인증
보안주(정보),한싹
보안주(정보),디지캡
보안주(정보),SGA
보안주(정보),핀텔
보안주(정보),라온시큐어
보안주(정보),아이씨티케이
모바일솔루션(스마트폰),유라클
모바일솔루션(스마트폰),핑거
모바일솔루션(스마트폰),갤럭시아머니트리
모바일솔루션(스마트폰),셀바스AI
모바일솔루션(스마트폰),지어소프트
모바일솔루션(스마트폰),다날
모바일솔루션(스마트폰),이미지스
모바일솔루션(스마트폰),키네마스터
모바일솔루션(스마트폰),위세아이텍
모바일솔루션(스마트폰),네이블
모바일솔루션(스마트폰),브레인즈컴퍼니
모바일솔루션(스마트폰),엠로
모바일솔루션(스마트폰),인포뱅크
모바일솔루션(스마트폰),이루온
모바일솔루션(스마트폰),텔코웨어
모바일솔루션(스마트폰),폴라리스오피스
모바일솔루션(스마트폰),다산네트웍스
모바일솔루션(스마트폰),유비벨록스
모바일솔루션(스마트폰),유엔젤
모바일솔루션(스마트폰),인지소프트
모바일솔루션(스마트폰),카페24
모바일솔루션(스마트폰),포니링크
모바일솔루션(스마트폰),MDS테크
쿠팡(coupang),헥토파이낸셜
쿠팡(coupang),팬스타엔터프라이즈
쿠팡(coupang),미래생명자원
쿠팡(coupang),갤럭시아머니트리
쿠팡(coupang),다날
쿠팡(coupang),알로이스
쿠팡(coupang),쇼박스
쿠팡(coupang),엔비티
쿠팡(coupang),태경케미컬
쿠팡(coupang),NEW
쿠팡(coupang),흥국에프엔비
쿠팡(coupang),오텍
쿠팡(coupang),한국정보통신
쿠팡(coupang),아티스트컴퍼니
쿠팡(coupang),한국전자홀딩스
쿠팡(coupang),아이스크림에듀
쿠팡(coupang),디아이씨
쿠팡(coupang),KCTC
쿠팡(coupang),동방
쿠팡(coupang),서울식품
쿠팡(coupang),ESR켄달스퀘어리츠
자율주행차,삼성전기
자율주행차,켐트로닉스
자율주행차,라닉스
자율주행차,기아
자율주행차,LG이노텍
자율주행차,엣지파운드리
자율주행차,칩스앤미디어
자율주행차,SK하이닉스
자율주행차,NAVER
자율주행차,아이쓰리시스템
자율주행차,유니트론텍
자율주행차,한국단자
자율주행차,삼성전자
자율주행차,텔레칩스
자율주행차,현대차
자율주행차,옵트론텍
자율주행차,디와이
자율주행차,퀄리타스반도체
자율주행차,현대모비스
자율주행차,LG전자
자율주행차,모바일어플라이언스
자율주행차,팸텍
자율주행차,아이에이
자율주행차,드림텍
자율주행차,유니퀘스트
자율주행차,세코닉스
자율주행차,삼보모터스
자율주행차,캠시스
자율주행차,HL만도
자율주행차,에이테크솔루션
자율주행차,KT
자율주행차,넥스트칩
자율주행차,엠씨넥스
자율주행차,파인디지털
자율주행차,KG모빌리티
자율주행차,하이비젼시스템
자율주행차,인포뱅크
자율주행차,SK텔레콤
자율주행차,팅크웨어
자율주행차,코리아에프티
자율주행차,라이콤
자율주행차,앤씨앤
자율주행차,모트렉스
자율주행차,현대오토에버
자율주행차,오비고
자율주행차,슈어소프트테크
자율주행차,스마트레이더시스템
자율주행차,포니링크
자율주행차,DH오토웨어
자율주행차,MDS테크
자율주행차,에이스테크
자율주행차,퓨런티어
자율주행차,유진로봇
자율주행차,에스오에스랩
농업,효성오앤비
농업,그린플러스
농업,우듬지팜
농업,조비
농업,남해화학
농업,아시아종묘
농업,우진비앤지
농업,아세아텍
농업,인바이오
농업,농우바이오
농업,경농
농업,동방아그로
농업,롯데정밀화학
농업,우림피티에스
농업,포메탈
농업,대동
농업,대동금속
농업,TYM
농업,SB성보
농업,대동기어
농업,KG케미칼
농업,누보
농업,그린생명과학
지능형로봇/인공지능(AI),시선AI
지능형로봇/인공지능(AI),솔트룩스
지능형로봇/인공지능(AI),코난테크놀로지
지능형로봇/인공지능(AI),한화에어로스페이스
지능형로봇/인공지능(AI),피아이이
지능형로봇/인공지능(AI),네패스
지능형로봇/인공지능(AI),엑셈
지능형로봇/인공지능(AI),모비스
지능형로봇/인공지능(AI),모아데이타
지능형로봇/인공지능(AI),와이즈넛
지능형로봇/인공지능(AI),셀바스AI
지능형로봇/인공지능(AI),링크제니시스
지능형로봇/인공지능(AI),러셀
지능형로봇/인공지능(AI),마음AI
지능형로봇/인공지능(AI),트윔
지능형로봇/인공지능(AI),스맥
지능형로봇/인공지능(AI),LG전자
지능형로봇/인공지능(AI),오픈베이스
지능형로봇/인공지능(AI),삼성에스디에스
지능형로봇/인공지능(AI),가온그룹
지능형로봇/인공지능(AI),한국전자인증
지능형로봇/인공지능(AI),미래컴퍼니
지능형로봇/인공지능(AI),산돌
지능형로봇/인공지능(AI),바이브컴퍼니
지능형로봇/인공지능(AI),위세아이텍
지능형로봇/인공지능(AI),브레인즈컴퍼니
지능형로봇/인공지능(AI),엔젤로보틱스
지능형로봇/인공지능(AI),티로보틱스
지능형로봇/인공지능(AI),피앤에스미캐닉스
지능형로봇/인공지능(AI),엠로
지능형로봇/인공지능(AI),큐렉소
지능형로봇/인공지능(AI),영우디에스피
지능형로봇/인공지능(AI),로보티즈
지능형로봇/인공지능(AI),네오펙트
지능형로봇/인공지능(AI),아티스트컴퍼니
지능형로봇/인공지능(AI),로보스타
지능형로봇/인공지능(AI),휴림로봇
지능형로봇/인공지능(AI),데이타솔루션
지능형로봇/인공지능(AI),퍼스텍
지능형로봇/인공지능(AI),클로봇
지능형로봇/인공지능(AI),이노뎁
지능형로봇/인공지능(AI),라온피플
지능형로봇/인공지능(AI),고영
지능형로봇/인공지능(AI),씨메스
지능형로봇/인공지능(AI),로보로보
지능형로봇/인공지능(AI),핀텔
지능형로봇/인공지능(AI),이스트에이드
지능형로봇/인공지능(AI),유디엠텍
지능형로봇/인공지능(AI),에브리봇
지능형로봇/인공지능(AI),오브젠
지능형로봇/인공지능(AI),심플랫폼
지능형로봇/인공지능(AI),더블유에스아이
지능형로봇/인공지능(AI),휴먼테크놀로지
지능형로봇/인공지능(AI),유일로보틱스
지능형로봇/인공지능(AI),유진로봇
지능형로봇/인공지능(AI),알체라
지능형로봇/인공지능(AI),비아이매트릭스
지능형로봇/인공지능(AI),크라우드웍스
지능형로봇/인공지능(AI),비큐AI
골판지 제조,한솔홀딩스
골판지 제조,대영포장
골판지 제조,아세아제지
골판지 제조,삼보판지
골판지 제조,영풍제지
골판지 제조,한국수출포장
골판지 제조,대림제지
골판지 제조,태림포장
골판지 제조,리더스코스메틱
골판지 제조,신대양제지
4차산업 수혜주,어보브반도체
4차산업 수혜주,DSC인베스트먼트
4차산업 수혜주,모비스
4차산업 수혜주,SK
4차산업 수혜주,포스코DX
4차산업 수혜주,NAVER
4차산업 수혜주,푸른기술
4차산업 수혜주,셀바스AI
4차산업 수혜주,SBI인베스트먼트
4차산업 수혜주,삼성전자
4차산업 수혜주,우리기술투자
4차산업 수혜주,알서포트
4차산업 수혜주,LG전자
4차산업 수혜주,모바일어플라이언스
4차산업 수혜주,오픈베이스
4차산업 수혜주,삼성에스디에스
4차산업 수혜주,유니퀘스트
4차산업 수혜주,인피니트헬스케어
4차산업 수혜주,KT
4차산업 수혜주,SGA솔루션즈
4차산업 수혜주,에스넷
4차산업 수혜주,롯데이노베이트
4차산업 수혜주,큐렉소
4차산업 수혜주,TS인베스트먼트
4차산업 수혜주,SK텔레콤
4차산업 수혜주,TPC
4차산업 수혜주,대성창투
4차산업 수혜주,비트컴퓨터
4차산업 수혜주,로보스타
4차산업 수혜주,휴림로봇
4차산업 수혜주,드림시큐리티
4차산업 수혜주,오늘이엔엠
4차산업 수혜주,이스트소프트
4차산업 수혜주,아진엑스텍
4차산업 수혜주,알에스오토메이션
4차산업 수혜주,로보로보
4차산업 수혜주,DH오토웨어
4차산업 수혜주,MDS테크
4차산업 수혜주,에이스테크
4차산업 수혜주,LG유플러스
4차산업 수혜주,지엔씨에너지
밸류업(24년 기업가치 제고계획 발표),한전기술
밸류업(24년 기업가치 제고계획 발표),태광
밸류업(24년 기업가치 제고계획 발표),ISC
밸류업(24년 기업가치 제고계획 발표),롯데칠성
밸류업(24년 기업가치 제고계획 발표),한미사이언스
밸류업(24년 기업가치 제고계획 발표),POSCO홀딩스
밸류업(24년 기업가치 제고계획 발표),현대글로비스
밸류업(24년 기업가치 제고계획 발표),기아
밸류업(24년 기업가치 제고계획 발표),LG이노텍
밸류업(24년 기업가치 제고계획 발표),SK스퀘어
밸류업(24년 기업가치 제고계획 발표),SK
밸류업(24년 기업가치 제고계획 발표),SK하이닉스
밸류업(24년 기업가치 제고계획 발표),LG생활건강
밸류업(24년 기업가치 제고계획 발표),DB하이텍
밸류업(24년 기업가치 제고계획 발표),아모레퍼시픽홀딩스
밸류업(24년 기업가치 제고계획 발표),아모레퍼시픽
밸류업(24년 기업가치 제고계획 발표),세아홀딩스
밸류업(24년 기업가치 제고계획 발표),현대차
밸류업(24년 기업가치 제고계획 발표),제주항공
밸류업(24년 기업가치 제고계획 발표),HD현대일렉트릭
밸류업(24년 기업가치 제고계획 발표),포스코인터내셔널
밸류업(24년 기업가치 제고계획 발표),포스코퓨처엠
밸류업(24년 기업가치 제고계획 발표),현대모비스
밸류업(24년 기업가치 제고계획 발표),기업은행
밸류업(24년 기업가치 제고계획 발표),이녹스첨단소재
밸류업(24년 기업가치 제고계획 발표),LG전자
밸류업(24년 기업가치 제고계획 발표),LG화학
밸류업(24년 기업가치 제고계획 발표),SK이노베이션
밸류업(24년 기업가치 제고계획 발표),드림텍
밸류업(24년 기업가치 제고계획 발표),현대그린푸드
밸류업(24년 기업가치 제고계획 발표),롯데하이마트
밸류업(24년 기업가치 제고계획 발표),키움증권
밸류업(24년 기업가치 제고계획 발표),다우데이타
밸류업(24년 기업가치 제고계획 발표),롯데웰푸드
밸류업(24년 기업가치 제고계획 발표),에스트래픽
밸류업(24년 기업가치 제고계획 발표),에스엘에스바이오
밸류업(24년 기업가치 제고계획 발표),LG디스플레이
밸류업(24년 기업가치 제고계획 발표),KT
밸류업(24년 기업가치 제고계획 발표),광주신세계
밸류업(24년 기업가치 제고계획 발표),LG에너지솔루션
밸류업(24년 기업가치 제고계획 발표),유한양행
밸류업(24년 기업가치 제고계획 발표),미래에셋증권
밸류업(24년 기업가치 제고계획 발표),디케이앤디
밸류업(24년 기업가치 제고계획 발표),롯데리츠
밸류업(24년 기업가치 제고계획 발표),DB증권
밸류업(24년 기업가치 제고계획 발표),롯데렌탈
밸류업(24년 기업가치 제고계획 발표),AK홀딩스
밸류업(24년 기업가치 제고계획 발표),롯데이노베이트
밸류업(24년 기업가치 제고계획 발표),두산밥캣
밸류업(24년 기업가치 제고계획 발표),애경산업
밸류업(24년 기업가치 제고계획 발표),KG이니시스
밸류업(24년 기업가치 제고계획 발표),파트론
밸류업(24년 기업가치 제고계획 발표),세아베스틸지주
밸류업(24년 기업가치 제고계획 발표),SK텔레콤
밸류업(24년 기업가치 제고계획 발표),iM금융지주
밸류업(24년 기업가치 제고계획 발표),에프앤가이드
밸류업(24년 기업가치 제고계획 발표),LG
밸류업(24년 기업가치 제고계획 발표),SK네트웍스
밸류업(24년 기업가치 제고계획 발표),대한항공
밸류업(24년 기업가치 제고계획 발표),강원랜드
밸류업(24년 기업가치 제고계획 발표),JB금융지주
밸류업(24년 기업가치 제고계획 발표),신세계인터내셔날
밸류업(24년 기업가치 제고계획 발표),BNK금융지주
밸류업(24년 기업가치 제고계획 발표),지역난방공사
밸류업(24년 기업가치 제고계획 발표),HD현대마린솔루션
밸류업(24년 기업가치 제고계획 발표),HK이노엔
밸류업(24년 기업가치 제고계획 발표),HD현대인프라코어
밸류업(24년 기업가치 제고계획 발표),HD현대중공업
밸류업(24년 기업가치 제고계획 발표),한섬
밸류업(24년 기업가치 제고계획 발표),현대엘리베이터
밸류업(24년 기업가치 제고계획 발표),콜마홀딩스
밸류업(24년 기업가치 제고계획 발표),우리금융지주
밸류업(24년 기업가치 제고계획 발표),신한지주
밸류업(24년 기업가치 제고계획 발표),신세계
밸류업(24년 기업가치 제고계획 발표),하나금융지주
밸류업(24년 기업가치 제고계획 발표),유안타증권
밸류업(24년 기업가치 제고계획 발표),HD현대건설기계
밸류업(24년 기업가치 제고계획 발표),KB금융
밸류업(24년 기업가치 제고계획 발표),롯데쇼핑
밸류업(24년 기업가치 제고계획 발표),고려아연
밸류업(24년 기업가치 제고계획 발표),롯데지주
밸류업(24년 기업가치 제고계획 발표),동원산업
밸류업(24년 기업가치 제고계획 발표),KT&G
밸류업(24년 기업가치 제고계획 발표),HD현대
밸류업(24년 기업가치 제고계획 발표),애경케미칼
밸류업(24년 기업가치 제고계획 발표),HL홀딩스
밸류업(24년 기업가치 제고계획 발표),현대백화점
밸류업(24년 기업가치 제고계획 발표),LG유플러스
밸류업(24년 기업가치 제고계획 발표),메리츠금융지주
밸류업(24년 기업가치 제고계획 발표),HD현대미포
밸류업(24년 기업가치 제고계획 발표),HD한국조선해양
밸류업(24년 기업가치 제고계획 발표),감성코퍼레이션
밸류업(24년 기업가치 제고계획 발표),현대지에프홀딩스
종합상사,삼성물산
종합상사,포스코인터내셔널
종합상사,STX
종합상사,코오롱글로벌
종합상사,SK네트웍스
종합상사,GS글로벌
종합상사,LX인터내셔널
종합상사,현대코퍼레이션
종합상사,효성티앤씨
CCTV＆DVR,인콘
CCTV＆DVR,한화비전
CCTV＆DVR,코콤
CCTV＆DVR,비츠로시스
CCTV＆DVR,엑시큐어하이트론
CCTV＆DVR,아이디스
CCTV＆DVR,앤씨앤
CCTV＆DVR,포커스에이아이
폐배터리,POSCO홀딩스
폐배터리,에코프로
폐배터리,성일하이텍
폐배터리,하나기술
폐배터리,코스모화학
폐배터리,DS단석
폐배터리,현대차
폐배터리,새빗켐
폐배터리,아이에스동서
폐배터리,웰크론한텍
폐배터리,영화테크
폐배터리,SK이노베이션
폐배터리,인선이엔티
폐배터리,LG에너지솔루션
폐배터리,파워로직스
폐배터리,NPC
폐배터리,나인테크
폐배터리,원익피앤이
폐배터리,이지트로닉스
폐배터리,킵스파마
밸류업(25년 기업가치 제고계획 발표),한화에어로스페이스
밸류업(25년 기업가치 제고계획 발표),한솔케미칼
밸류업(25년 기업가치 제고계획 발표),한전KPS
밸류업(25년 기업가치 제고계획 발표),삼성화재
밸류업(25년 기업가치 제고계획 발표),코미코
밸류업(25년 기업가치 제고계획 발표),피에스케이홀딩스
밸류업(25년 기업가치 제고계획 발표),하나마이크론
밸류업(25년 기업가치 제고계획 발표),피에스케이
밸류업(25년 기업가치 제고계획 발표),DB하이텍
밸류업(25년 기업가치 제고계획 발표),DI동일
밸류업(25년 기업가치 제고계획 발표),한국항공우주
밸류업(25년 기업가치 제고계획 발표),F&F
밸류업(25년 기업가치 제고계획 발표),DB손해보험
밸류업(25년 기업가치 제고계획 발표),파라다이스
밸류업(25년 기업가치 제고계획 발표),BGF리테일
밸류업(25년 기업가치 제고계획 발표),솔브레인
밸류업(25년 기업가치 제고계획 발표),셀트리온
밸류업(25년 기업가치 제고계획 발표),에스에프에이
밸류업(25년 기업가치 제고계획 발표),이수페타시스
밸류업(25년 기업가치 제고계획 발표),코웨이
밸류업(25년 기업가치 제고계획 발표),컴투스
밸류업(25년 기업가치 제고계획 발표),티씨케이
밸류업(25년 기업가치 제고계획 발표),노을
밸류업(25년 기업가치 제고계획 발표),대신증권
밸류업(25년 기업가치 제고계획 발표),에스트래픽
밸류업(25년 기업가치 제고계획 발표),하이즈항공
밸류업(25년 기업가치 제고계획 발표),현대이지웰
밸류업(25년 기업가치 제고계획 발표),S-Oil
밸류업(25년 기업가치 제고계획 발표),엠플러스
밸류업(25년 기업가치 제고계획 발표),금호석유화학
밸류업(25년 기업가치 제고계획 발표),농심
밸류업(25년 기업가치 제고계획 발표),넥스트칩
밸류업(25년 기업가치 제고계획 발표),KX
밸류업(25년 기업가치 제고계획 발표),한국금융지주
밸류업(25년 기업가치 제고계획 발표),KG스틸
밸류업(25년 기업가치 제고계획 발표),삼양식품
밸류업(25년 기업가치 제고계획 발표),JW중외제약
밸류업(25년 기업가치 제고계획 발표),태웅로직스
밸류업(25년 기업가치 제고계획 발표),JB금융지주
밸류업(25년 기업가치 제고계획 발표),한미반도체
밸류업(25년 기업가치 제고계획 발표),현대퓨처넷
밸류업(25년 기업가치 제고계획 발표),동원시스템즈
밸류업(25년 기업가치 제고계획 발표),오스코텍
밸류업(25년 기업가치 제고계획 발표),콜마비앤에이치
밸류업(25년 기업가치 제고계획 발표),이마트
밸류업(25년 기업가치 제고계획 발표),우리금융지주
밸류업(25년 기업가치 제고계획 발표),현대차증권
밸류업(25년 기업가치 제고계획 발표),메가스터디교육
밸류업(25년 기업가치 제고계획 발표),현대건설
밸류업(25년 기업가치 제고계획 발표),신한지주
밸류업(25년 기업가치 제고계획 발표),KG케미칼
밸류업(25년 기업가치 제고계획 발표),효성티앤씨
밸류업(25년 기업가치 제고계획 발표),한진칼
밸류업(25년 기업가치 제고계획 발표),한미약품
밸류업(25년 기업가치 제고계획 발표),NICE평가정보
밸류업(25년 기업가치 제고계획 발표),엘앤씨바이오
밸류업(25년 기업가치 제고계획 발표),HMM
수소차(연료전지/부품/충전소 등),평화홀딩스
수소차(연료전지/부품/충전소 등),에스코넥
수소차(연료전지/부품/충전소 등),아이에스티이
수소차(연료전지/부품/충전소 등),일진하이솔루스
수소차(연료전지/부품/충전소 등),기아
수소차(연료전지/부품/충전소 등),뉴인텍
수소차(연료전지/부품/충전소 등),SK
수소차(연료전지/부품/충전소 등),엘티씨
수소차(연료전지/부품/충전소 등),우리산업
수소차(연료전지/부품/충전소 등),대창솔루션
수소차(연료전지/부품/충전소 등),유일에너테크
수소차(연료전지/부품/충전소 등),신도기연
수소차(연료전지/부품/충전소 등),인지컨트롤스
수소차(연료전지/부품/충전소 등),코오롱ENP
수소차(연료전지/부품/충전소 등),SNT모티브
수소차(연료전지/부품/충전소 등),디아이티
수소차(연료전지/부품/충전소 등),SJG세종
수소차(연료전지/부품/충전소 등),현대차
수소차(연료전지/부품/충전소 등),현대제철
수소차(연료전지/부품/충전소 등),디와이
수소차(연료전지/부품/충전소 등),비엠티
수소차(연료전지/부품/충전소 등),디케이락
수소차(연료전지/부품/충전소 등),영화테크
수소차(연료전지/부품/충전소 등),아이에이
수소차(연료전지/부품/충전소 등),티에이치엔
수소차(연료전지/부품/충전소 등),두산퓨얼셀
수소차(연료전지/부품/충전소 등),성창오토텍
수소차(연료전지/부품/충전소 등),삼보모터스
수소차(연료전지/부품/충전소 등),EG
수소차(연료전지/부품/충전소 등),LS ELECTRIC
수소차(연료전지/부품/충전소 등),대원강업
수소차(연료전지/부품/충전소 등),지아이텍
수소차(연료전지/부품/충전소 등),아진산업
수소차(연료전지/부품/충전소 등),한온시스템
수소차(연료전지/부품/충전소 등),원익머트리얼즈
수소차(연료전지/부품/충전소 등),지엠비코리아
수소차(연료전지/부품/충전소 등),HS효성첨단소재
수소차(연료전지/부품/충전소 등),상아프론테크
수소차(연료전지/부품/충전소 등),삼영에스앤씨
수소차(연료전지/부품/충전소 등),효성중공업
수소차(연료전지/부품/충전소 등),일진다이아
수소차(연료전지/부품/충전소 등),풍국주정
수소차(연료전지/부품/충전소 등),엔케이
수소차(연료전지/부품/충전소 등),아진전자부품
수소차(연료전지/부품/충전소 등),평화산업
수소차(연료전지/부품/충전소 등),에코바이오
수소차(연료전지/부품/충전소 등),삼양사
수소차(연료전지/부품/충전소 등),범한퓨얼셀
수소차(연료전지/부품/충전소 등),우수AMS
수소차(연료전지/부품/충전소 등),코웰패션
수소차(연료전지/부품/충전소 등),일지테크
수소차(연료전지/부품/충전소 등),모토닉
수소차(연료전지/부품/충전소 등),현대로템
수소차(연료전지/부품/충전소 등),폴라리스세원
수소차(연료전지/부품/충전소 등),동아화성
수소차(연료전지/부품/충전소 등),에스퓨얼셀
수소차(연료전지/부품/충전소 등),코오롱인더
수소차(연료전지/부품/충전소 등),제이엔케이글로벌
수소차(연료전지/부품/충전소 등),유니크
수소차(연료전지/부품/충전소 등),삼화전자
수소차(연료전지/부품/충전소 등),DYP
수소차(연료전지/부품/충전소 등),시노펙스
수소차(연료전지/부품/충전소 등),원일티엔아이
수소차(연료전지/부품/충전소 등),이엠코리아
수소차(연료전지/부품/충전소 등),비나텍
수소차(연료전지/부품/충전소 등),삼기
수소차(연료전지/부품/충전소 등),에스에너지
수소차(연료전지/부품/충전소 등),한화솔루션
수소차(연료전지/부품/충전소 등),진성티이씨
수소차(연료전지/부품/충전소 등),이지트로닉스
수소차(연료전지/부품/충전소 등),미코
아프리카 돼지열병(ASF),전진바이오팜
아프리카 돼지열병(ASF),미래생명자원
아프리카 돼지열병(ASF),윙입푸드
아프리카 돼지열병(ASF),팜스코
아프리카 돼지열병(ASF),우진비앤지
아프리카 돼지열병(ASF),하림
아프리카 돼지열병(ASF),우성
아프리카 돼지열병(ASF),태경비케이
아프리카 돼지열병(ASF),체시스
아프리카 돼지열병(ASF),팜스토리
아프리카 돼지열병(ASF),마니커
아프리카 돼지열병(ASF),한일사료
아프리카 돼지열병(ASF),대한뉴팜
아프리카 돼지열병(ASF),진바이오텍
아프리카 돼지열병(ASF),중앙백신
아프리카 돼지열병(ASF),신라에스지
아프리카 돼지열병(ASF),강동씨앤엘
아프리카 돼지열병(ASF),셀레믹스
아프리카 돼지열병(ASF),우리손에프앤지
아프리카 돼지열병(ASF),정다운
아프리카 돼지열병(ASF),대성미생물
아프리카 돼지열병(ASF),이글벳
아프리카 돼지열병(ASF),동우팜투테이블
아프리카 돼지열병(ASF),옵티팜
아프리카 돼지열병(ASF),씨티씨바이오
아프리카 돼지열병(ASF),세니젠
아프리카 돼지열병(ASF),코미팜
아프리카 돼지열병(ASF),선진
아프리카 돼지열병(ASF),이지홀딩스
아프리카 돼지열병(ASF),이지바이오
아프리카 돼지열병(ASF),파루
방위산업/전쟁 및 테러,카티스
방위산업/전쟁 및 테러,한화에어로스페이스
방위산업/전쟁 및 테러,에스코넥
방위산업/전쟁 및 테러,우리기술
방위산업/전쟁 및 테러,기아
방위산업/전쟁 및 테러,RF머트리얼즈
방위산업/전쟁 및 테러,아이티센엔텍
방위산업/전쟁 및 테러,아이쓰리시스템
방위산업/전쟁 및 테러,덕산하이메탈
방위산업/전쟁 및 테러,비츠로테크
방위산업/전쟁 및 테러,한국항공우주
방위산업/전쟁 및 테러,웨이비스
방위산업/전쟁 및 테러,SNT모티브
방위산업/전쟁 및 테러,SNT다이내믹스
방위산업/전쟁 및 테러,한화오션
방위산업/전쟁 및 테러,국영지앤엠
방위산업/전쟁 및 테러,STX엔진
방위산업/전쟁 및 테러,STX
방위산업/전쟁 및 테러,HJ중공업
방위산업/전쟁 및 테러,코콤
방위산업/전쟁 및 테러,현대위아
방위산업/전쟁 및 테러,한일단조
방위산업/전쟁 및 테러,YTN
방위산업/전쟁 및 테러,삼현
방위산업/전쟁 및 테러,엠앤씨솔루션
방위산업/전쟁 및 테러,한컴라이프케어
방위산업/전쟁 및 테러,기산텔레콤
방위산업/전쟁 및 테러,포메탈
방위산업/전쟁 및 테러,휴니드
방위산업/전쟁 및 테러,대양전기공업
방위산업/전쟁 및 테러,웰크론
방위산업/전쟁 및 테러,빅텍
방위산업/전쟁 및 테러,스페코
방위산업/전쟁 및 테러,켄코아에어로스페이스
방위산업/전쟁 및 테러,한화시스템
방위산업/전쟁 및 테러,대성하이텍
방위산업/전쟁 및 테러,혜인
방위산업/전쟁 및 테러,평화산업
방위산업/전쟁 및 테러,대한항공
방위산업/전쟁 및 테러,RF시스템즈
방위산업/전쟁 및 테러,파이버프로
방위산업/전쟁 및 테러,현대로템
방위산업/전쟁 및 테러,퍼스텍
방위산업/전쟁 및 테러,이노시뮬레이션
방위산업/전쟁 및 테러,코츠테크놀로지
방위산업/전쟁 및 테러,쎄트렉아이
방위산업/전쟁 및 테러,LIG넥스원
방위산업/전쟁 및 테러,풍산
방위산업/전쟁 및 테러,풍산홀딩스
방위산업/전쟁 및 테러,제노코
방위산업/전쟁 및 테러,이엠코리아
방위산업/전쟁 및 테러,웨이브일렉트로
방위산업/전쟁 및 테러,이지트로닉스
방위산업/전쟁 및 테러,솔디펜스
방위산업/전쟁 및 테러,에이스테크
방위산업/전쟁 및 테러,HD한국조선해양
방위산업/전쟁 및 테러,한화
방위산업/전쟁 및 테러,쎄크
카메라모듈/부품,삼성전기
카메라모듈/부품,자화전자
카메라모듈/부품,LG이노텍
카메라모듈/부품,해성옵틱스
카메라모듈/부품,재영솔루텍
카메라모듈/부품,나무가
카메라모듈/부품,탑엔지니어링
카메라모듈/부품,옵트론텍
카메라모듈/부품,팸텍
카메라모듈/부품,세코닉스
카메라모듈/부품,캠시스
카메라모듈/부품,포톤
카메라모듈/부품,파워로직스
카메라모듈/부품,덕우전자
카메라모듈/부품,액트로
카메라모듈/부품,엠씨넥스
카메라모듈/부품,하이비젼시스템
카메라모듈/부품,파트론
카메라모듈/부품,픽셀플러스
카메라모듈/부품,동운아나텍
카메라모듈/부품,엘컴텍
카메라모듈/부품,라온피플
카메라모듈/부품,코아시아씨엠
카메라모듈/부품,성우전자
카메라모듈/부품,아이윈플러스
카메라모듈/부품,퓨런티어
카메라모듈/부품,LK삼양
카메라모듈/부품,케이이엠텍
"주류업(주정, 에탄올 등)",롯데칠성
"주류업(주정, 에탄올 등)",한울앤제주
"주류업(주정, 에탄올 등)",한국알콜
"주류업(주정, 에탄올 등)",하이트진로홀딩스
"주류업(주정, 에탄올 등)",하이트진로
"주류업(주정, 에탄올 등)",창해에탄올
"주류업(주정, 에탄올 등)",풍국주정
"주류업(주정, 에탄올 등)",MH에탄올
"주류업(주정, 에탄올 등)",무학
"주류업(주정, 에탄올 등)",진로발효
"주류업(주정, 에탄올 등)",국순당
"주류업(주정, 에탄올 등)",보해양조
"주류업(주정, 에탄올 등)",나라셀라
공작기계,한국정밀기계
공작기계,유니온머티리얼
공작기계,한국주강
공작기계,서암기계공업
공작기계,SNT다이내믹스
공작기계,스맥
공작기계,SIMPAC
공작기계,화천기계
공작기계,에이비프로바이오
공작기계,대성하이텍
공작기계,와이지-원
공작기계,화천기공
공작기계,이엠코리아
공작기계,넥스턴바이오
시멘트/레미콘,부산산업
시멘트/레미콘,성신양회
시멘트/레미콘,모헨즈
시멘트/레미콘,서산
시멘트/레미콘,홈센타홀딩스
시멘트/레미콘,유니온
시멘트/레미콘,유진기업
시멘트/레미콘,강동씨앤엘
시멘트/레미콘,아세아시멘트
시멘트/레미콘,삼표시멘트
시멘트/레미콘,보광산업
시멘트/레미콘,한일시멘트
시멘트/레미콘,동양
시멘트/레미콘,SG
시멘트/레미콘,한일현대시멘트
시멘트/레미콘,쎄니트
백신여권,케어랩스
백신여권,아이크래프트
백신여권,KT
백신여권,SGA솔루션즈
백신여권,SK텔레콤
백신여권,라온시큐어
리비안(RIVIAN),우리산업
리비안(RIVIAN),피엔티
리비안(RIVIAN),에코캡
리비안(RIVIAN),TCC스틸
리비안(RIVIAN),포스코인터내셔널
리비안(RIVIAN),디와이
리비안(RIVIAN),상신이디피
리비안(RIVIAN),동국알앤에스
리비안(RIVIAN),삼성SDI
리비안(RIVIAN),HL만도
리비안(RIVIAN),씨아이에스
리비안(RIVIAN),대원화성
리비안(RIVIAN),우신시스템
리비안(RIVIAN),유진테크놀로지
리비안(RIVIAN),모베이스전자
리비안(RIVIAN),피에이치에이
리비안(RIVIAN),남성
리비안(RIVIAN),삼진엘앤디
리비안(RIVIAN),폴라리스세원
리비안(RIVIAN),아모그린텍
리비안(RIVIAN),알멕
리비안(RIVIAN),대유에이텍
지주사,우리산업홀딩스
지주사,노루홀딩스
지주사,녹십자홀딩스
지주사,평화홀딩스
지주사,삼성물산
지주사,네오위즈홀딩스
지주사,한미사이언스
지주사,코아시아
지주사,일진홀딩스
지주사,경동인베스트
지주사,LS
지주사,한일홀딩스
지주사,HDC
지주사,대상홀딩스
지주사,휴맥스홀딩스
지주사,로스웰
지주사,KISCO홀딩스
지주사,에코프로
지주사,SK스퀘어
지주사,SK
지주사,윙입푸드
지주사,휴온스글로벌
지주사,골프존홀딩스
지주사,NICE
지주사,아모레퍼시픽홀딩스
지주사,유수홀딩스
지주사,세아홀딩스
지주사,비츠로테크
지주사,컴투스홀딩스
지주사,한솔홀딩스
지주사,CS홀딩스
지주사,이건홀딩스
지주사,DRB동일
지주사,성창기업지주
지주사,디와이
지주사,티와이홀딩스
지주사,엘브이엠씨홀딩스
지주사,두산
지주사,농심홀딩스
지주사,LX홀딩스
지주사,APS
지주사,오가닉티코스메틱
지주사,GS
지주사,아이디스홀딩스
지주사,엠에스오토텍
지주사,하이트진로홀딩스
지주사,CJ
지주사,동성케미컬
지주사,이녹스
지주사,OCI홀딩스
지주사,매일홀딩스
지주사,세아제강지주
지주사,미원홀딩스
지주사,AK홀딩스
지주사,삼양홀딩스
지주사,JW홀딩스
지주사,크라운해태홀딩스
지주사,코스맥스비티아이
지주사,두산밥캣
지주사,신송홀딩스
지주사,INVENI
지주사,CR홀딩스
지주사,한국금융지주
지주사,세아베스틸지주
지주사,DB
지주사,iM금융지주
지주사,효성
지주사,LG
지주사,SJM홀딩스
지주사,솔브레인홀딩스
지주사,대덕
지주사,영원무역홀딩스
지주사,씨엑스아이
지주사,JB금융지주
지주사,유비쿼스홀딩스
지주사,한국전자홀딩스
지주사,SNT홀딩스
지주사,BNK금융지주
지주사,서연
지주사,넥센
지주사,솔본
지주사,풀무원
지주사,제일파마홀딩스
지주사,진양홀딩스
지주사,해성산업
지주사,SK디스커버리
지주사,한국앤컴퍼니
지주사,풍산홀딩스
지주사,한세예스24홀딩스
지주사,콜마홀딩스
지주사,동아쏘시오홀딩스
지주사,우리금융지주
지주사,F&F홀딩스
지주사,화승엔터프라이즈
지주사,신한지주
지주사,글로벌에스엠
지주사,하나금융지주
지주사,GS피앤엘
지주사,KB금융
지주사,BGF
지주사,아세아
지주사,롯데지주
지주사,동원산업
지주사,대웅
지주사,종근당홀딩스
지주사,한진칼
지주사,이지홀딩스
지주사,HD현대
지주사,LS에코에너지
지주사,코오롱
지주사,HL홀딩스
지주사,KPX홀딩스
지주사,한진중공업홀딩스
지주사,GRT
지주사,메리츠금융지주
지주사,헝셩그룹
지주사,HD한국조선해양
지주사,하림지주
지주사,HS효성
지주사,동국홀딩스
지주사,DL
지주사,쿠쿠홀딩스
지주사,한화
지주사,웅진
지주사,오리온홀딩스
지주사,원익홀딩스
지주사,현대지에프홀딩스
지주사,콘텐트리중앙
지주사,샘표
엔터테인먼트,카카오
엔터테인먼트,에스엠
엔터테인먼트,큐브엔터
엔터테인먼트,TJ미디어
엔터테인먼트,CJ ENM
엔터테인먼트,디어유
엔터테인먼트,초록뱀미디어
엔터테인먼트,SM C&C
엔터테인먼트,와이지엔터테인먼트
엔터테인먼트,판타지오
엔터테인먼트,하이브
엔터테인먼트,JYP Ent.
엔터테인먼트,NEW
엔터테인먼트,에프엔씨엔터
엔터테인먼트,큐로홀딩스
엔터테인먼트,고스트스튜디오
엔터테인먼트,팬엔터테인먼트
엔터테인먼트,티엔엔터테인먼트
엔터테인먼트,삼화네트웍스
엔터테인먼트,KT지니뮤직
엔터테인먼트,엔에스이엔엠
엔터테인먼트,키이스트
엔터테인먼트,스튜디오드래곤
엔터테인먼트,빌리언스
엔터테인먼트,알비더블유
엔터테인먼트,블리츠웨이엔터테인먼트
엔터테인먼트,노머스
엔터테인먼트,아센디오
엔터테인먼트,아티스트스튜디오
엔터테인먼트,콘텐트리중앙
스마트폰,자화전자
스마트폰,켐트로닉스
스마트폰,노바텍
스마트폰,LG이노텍
스마트폰,아비코전자
스마트폰,이엠텍
스마트폰,레몬
스마트폰,해성옵틱스
스마트폰,제이앤티씨
스마트폰,대덕전자
스마트폰,나무가
스마트폰,인탑스
스마트폰,삼성전자
스마트폰,기가레인
스마트폰,인터플렉스
스마트폰,엘엠에스
스마트폰,디케이티
스마트폰,드림텍
스마트폰,이미지스
스마트폰,테이팩스
스마트폰,삼성SDI
스마트폰,캠시스
스마트폰,블루콤
스마트폰,LG디스플레이
스마트폰,아모텍
스마트폰,엑스플러스
스마트폰,모다이노칩
스마트폰,한국컴퓨터
스마트폰,알에프텍
스마트폰,파워로직스
스마트폰,링크드
스마트폰,액트로
스마트폰,다산솔루에타
스마트폰,토비스
스마트폰,하이비젼시스템
스마트폰,슈피겐코리아
스마트폰,파트론
스마트폰,덕산네오룩스
스마트폰,서진시스템
스마트폰,엔피디
스마트폰,씨유테크
스마트폰,아이앤씨
스마트폰,피델릭스
스마트폰,신화인터텍
스마트폰,모베이스
스마트폰,디티씨
스마트폰,케스피온
스마트폰,뉴온
스마트폰,동운아나텍
스마트폰,유아이디
스마트폰,웰킵스하이텍
스마트폰,세경하이테크
스마트폰,KH바텍
스마트폰,아진엑스텍
스마트폰,유아이엘
스마트폰,시노펙스
스마트폰,테크엘
스마트폰,성우전자
스마트폰,아모그린텍
스마트폰,엘디티
스마트폰,유티아이
스마트폰,육일씨엔에쓰
스마트폰,PS일렉트로닉스
스마트폰,케이이엠텍
니켈,POSCO홀딩스
니켈,제이스코홀딩스
니켈,유에스티
니켈,포스코인터내셔널
니켈,LG화학
니켈,티플랙스
니켈,STX
니켈,현대비앤지스틸
니켈,LG에너지솔루션
니켈,다이나믹디자인
니켈,황금에스티
니켈,이상네트웍스
니켈,LX인터내셔널
니켈,삼화전자
니켈,이지트로닉스
니켈,대양금속
스마트카(SMART CAR),LG이노텍
스마트카(SMART CAR),DB하이텍
스마트카(SMART CAR),현대모비스
스마트카(SMART CAR),모바일어플라이언스
스마트카(SMART CAR),아이에이
스마트카(SMART CAR),세코닉스
스마트카(SMART CAR),HL만도
스마트카(SMART CAR),엠씨넥스
스마트카(SMART CAR),인포뱅크
스마트카(SMART CAR),유비벨록스
스마트카(SMART CAR),모트렉스
스마트카(SMART CAR),오비고
스마트카(SMART CAR),MDS테크
가상현실(VR),에스코넥
가상현실(VR),토탈소프트
가상현실(VR),칩스앤미디어
가상현실(VR),나무가
가상현실(VR),큐에스아이
가상현실(VR),신도기연
가상현실(VR),삼성전자
가상현실(VR),시공테크
가상현실(VR),데브시스터즈
가상현실(VR),LG전자
가상현실(VR),제이씨현시스템
가상현실(VR),에스피지
가상현실(VR),세코닉스
가상현실(VR),바른손이앤에이
가상현실(VR),링크드
가상현실(VR),에스넷
가상현실(VR),하이비젼시스템
가상현실(VR),SOOP
가상현실(VR),덱스터
가상현실(VR),이랜텍
가상현실(VR),한빛소프트
가상현실(VR),동운아나텍
가상현실(VR),이노시뮬레이션
가상현실(VR),위지윅스튜디오
가상현실(VR),E8
가상현실(VR),라온텍
가상현실(VR),케이쓰리아이
가상현실(VR),스코넥
가상현실(VR),케이이엠텍
석유화학,SKC
석유화학,태광산업
석유화학,그린케미칼
석유화학,롯데케미칼
석유화학,LG화학
석유화학,SK이노베이션
석유화학,동성케미컬
석유화학,금호석유화학
석유화학,KPX케미칼
석유화학,이수화학
석유화학,삼양사
석유화학,대한유화
석유화학,코오롱인더
석유화학,티케이케미칼
석유화학,SK케미칼
석유화학,애경케미칼
석유화학,한화솔루션
페라이트,삼화전기
페라이트,태경산업
페라이트,유니온머티리얼
페라이트,미래나노텍
페라이트,씨큐브
페라이트,EG
페라이트,한일화학
페라이트,케스피온
페라이트,상신전자
페라이트,삼화전자
페라이트,한솔테크닉스
페라이트,아모그린텍
페라이트,알엔투테크놀로지
페라이트,아모센스
2차전지(나트륨이온),에코프로비엠
2차전지(나트륨이온),에코프로
2차전지(나트륨이온),자이글
2차전지(나트륨이온),삼성SDI
2차전지(나트륨이온),LG에너지솔루션
2차전지(나트륨이온),디아이씨
2차전지(나트륨이온),더블유씨피
2차전지(나트륨이온),메가터치
2차전지(나트륨이온),나인테크
2차전지(나트륨이온),애경케미칼
3D 프린터,에스티아이
3D 프린터,모아텍
3D 프린터,세중
3D 프린터,스맥
3D 프린터,티앤알바이오팹
3D 프린터,코렌텍
3D 프린터,하이비젼시스템
3D 프린터,TPC
3D 프린터,로보스타
3D 프린터,휴림로봇
3D 프린터,로킷헬스케어
광고,와이즈버즈
광고,케어랩스
광고,YG PLUS
광고,지어소프트
광고,레뷰코퍼레이션
광고,모비데이즈
광고,SM C&C
광고,비케이홀딩스
광고,에코마케팅
광고,엔비티
광고,아시아경제
광고,이엠넷
광고,제일기획
광고,차이커뮤니케이션
광고,인크로스
광고,오리콤
광고,아티스트컴퍼니
광고,이노션
광고,HS애드
광고,플레이디
광고,드림인사이트
광고,엔피
광고,KT나스미디어
광고,FSN
재택근무/스마트워크,NHN
재택근무/스마트워크,소프트캠프
재택근무/스마트워크,포시에스
재택근무/스마트워크,알서포트
재택근무/스마트워크,제이씨현시스템
재택근무/스마트워크,오파스넷
재택근무/스마트워크,에스넷
재택근무/스마트워크,이씨에스
재택근무/스마트워크,링네트
재택근무/스마트워크,효성ITX
재택근무/스마트워크,폴라리스오피스
재택근무/스마트워크,휴네시온
재택근무/스마트워크,영림원소프트랩
재택근무/스마트워크,파수
재택근무/스마트워크,더존비즈온
재택근무/스마트워크,세종텔레콤
휴대폰부품,에스코넥
휴대폰부품,LG이노텍
휴대폰부품,아비코전자
휴대폰부품,이엠텍
휴대폰부품,레몬
휴대폰부품,제이앤티씨
휴대폰부품,재영솔루텍
휴대폰부품,나무가
휴대폰부품,제주반도체
휴대폰부품,인탑스
휴대폰부품,기가레인
휴대폰부품,인터플렉스
휴대폰부품,옵트론텍
휴대폰부품,상신이디피
휴대폰부품,서울반도체
휴대폰부품,세코닉스
휴대폰부품,파인엠텍
휴대폰부품,캠시스
휴대폰부품,포톤
휴대폰부품,아모텍
휴대폰부품,모다이노칩
휴대폰부품,한국컴퓨터
휴대폰부품,알에프텍
휴대폰부품,파워로직스
휴대폰부품,서원인텍
휴대폰부품,와이솔
휴대폰부품,엠씨넥스
휴대폰부품,서진시스템
휴대폰부품,아이앤씨
휴대폰부품,케스피온
휴대폰부품,디티씨
휴대폰부품,이랜텍
휴대폰부품,모베이스
휴대폰부품,피델릭스
휴대폰부품,엘컴텍
휴대폰부품,세경하이테크
휴대폰부품,KH바텍
휴대폰부품,한솔테크닉스
휴대폰부품,우주일렉트로
휴대폰부품,유아이엘
휴대폰부품,코아시아씨엠
휴대폰부품,앤디포스
휴대폰부품,디에이피
휴대폰부품,PS일렉트로닉스
휴대폰부품,케이이엠텍
우주항공산업(누리호/인공위성 등),한화에어로스페이스
우주항공산업(누리호/인공위성 등),한글과컴퓨터
우주항공산업(누리호/인공위성 등),태웅
우주항공산업(누리호/인공위성 등),비츠로테크
우주항공산업(누리호/인공위성 등),덕산하이메탈
우주항공산업(누리호/인공위성 등),한국항공우주
우주항공산업(누리호/인공위성 등),에스에프에이
우주항공산업(누리호/인공위성 등),인텔리안테크
우주항공산업(누리호/인공위성 등),이수페타시스
우주항공산업(누리호/인공위성 등),한양이엔지
우주항공산업(누리호/인공위성 등),에이치브이엠
우주항공산업(누리호/인공위성 등),상아프론테크
우주항공산업(누리호/인공위성 등),컨텍
우주항공산업(누리호/인공위성 등),켄코아에어로스페이스
우주항공산업(누리호/인공위성 등),한화시스템
우주항공산업(누리호/인공위성 등),루미르
우주항공산업(누리호/인공위성 등),AP위성
우주항공산업(누리호/인공위성 등),서남
우주항공산업(누리호/인공위성 등),대한항공
우주항공산업(누리호/인공위성 등),파이버프로
우주항공산업(누리호/인공위성 등),현대로템
우주항공산업(누리호/인공위성 등),퍼스텍
우주항공산업(누리호/인공위성 등),쎄트렉아이
우주항공산업(누리호/인공위성 등),LIG넥스원
우주항공산업(누리호/인공위성 등),이노스페이스
우주항공산업(누리호/인공위성 등),제노코
우주항공산업(누리호/인공위성 등),한화
우주항공산업(누리호/인공위성 등),스피어
우주항공산업(누리호/인공위성 등),LK삼양
리모델링/인테리어,한샘
리모델링/인테리어,벽산
리모델링/인테리어,시공테크
리모델링/인테리어,이건홀딩스
리모델링/인테리어,한솔홈데코
리모델링/인테리어,LX하우시스
리모델링/인테리어,대림통상
리모델링/인테리어,이건산업
리모델링/인테리어,현대리바트
리모델링/인테리어,파세코
리모델링/인테리어,동화기업
리모델링/인테리어,KCC
리모델링/인테리어,KCC글라스
리모델링/인테리어,국보디자인
리모델링/인테리어,라이온켐텍
리모델링/인테리어,삼목에스폼
리모델링/인테리어,진영
리모델링/인테리어,희림
리모델링/인테리어,하츠
리모델링/인테리어,유니드비티플러스
리모델링/인테리어,에넥스
리모델링/인테리어,SUN&L
리모델링/인테리어,오하임앤컴퍼니
리모델링/인테리어,대림바스
LED,코아시아
LED,지앤비에스 에코
LED,나노신소재
LED,광전자
LED,태경산업
LED,아이엘
LED,한국단자
LED,삼성전자
LED,우리엔터프라이즈
LED,에스폴리텍
LED,케이엔제이
LED,LG전자
LED,일월지엠엘
LED,에프알텍
LED,태경비케이
LED,서울반도체
LED,한라IMS
LED,알에프텍
LED,서울바이오시스
LED,소룩스
LED,일진디스플
LED,파커스
LED,오디텍
LED,우리이앤엘
LED,우리바이오
LED,루멘스
LED,빛샘전자
LED,삼진엘앤디
LED,금호에이치티
LED,포인트엔지니어링
LED,에이치엠넥스
LED,엘컴텍
LED,레이크머티리얼즈
LED,금호전기
LED,한솔테크닉스
LED,성호전자
LED,엘디티
LED,파인테크닉스
LED,케이엠더블유
LED,와이투솔루션
전기자전거,에스피지
전기자전거,삼성SDI
전기자전거,파워로직스
전기자전거,알톤
전기자전거,삼천리자전거
우크라이나 재건,아이톡시
우크라이나 재건,유신
우크라이나 재건,도화엔지니어링
우크라이나 재건,서암기계공업
우크라이나 재건,프리엠스
우크라이나 재건,디와이디
우크라이나 재건,포스코인터내셔널
우크라이나 재건,에쓰씨엔지니어링
우크라이나 재건,동일고무벨트
우크라이나 재건,서연탑메탈
우크라이나 재건,수산세보틱스
우크라이나 재건,디와이파워
우크라이나 재건,이노인스트루먼트
우크라이나 재건,다스코
우크라이나 재건,대양전기공업
우크라이나 재건,스페코
우크라이나 재건,파라텍
우크라이나 재건,혜인
우크라이나 재건,대동
우크라이나 재건,다산네트웍스
우크라이나 재건,현대에버다임
우크라이나 재건,희림
우크라이나 재건,대동금속
우크라이나 재건,TYM
우크라이나 재건,오늘이엔엠
우크라이나 재건,퍼스텍
우크라이나 재건,대동기어
우크라이나 재건,HD현대인프라코어
우크라이나 재건,에스와이
우크라이나 재건,현대코퍼레이션
우크라이나 재건,대모
우크라이나 재건,폴라리스AI
우크라이나 재건,SG
우크라이나 재건,현대건설
우크라이나 재건,HD현대건설기계
우크라이나 재건,에스와이스틸텍
스마트팩토리(스마트공장),한신기계
스마트팩토리(스마트공장),피아이이
스마트팩토리(스마트공장),SK
스마트팩토리(스마트공장),포스코DX
스마트팩토리(스마트공장),링크제니시스
스마트팩토리(스마트공장),톱텍
스마트팩토리(스마트공장),트윔
스마트팩토리(스마트공장),에스에프에이
스마트팩토리(스마트공장),스맥
스마트팩토리(스마트공장),비엠티
스마트팩토리(스마트공장),팸텍
스마트팩토리(스마트공장),오픈베이스
스마트팩토리(스마트공장),삼성에스디에스
스마트팩토리(스마트공장),동국알앤에스
스마트팩토리(스마트공장),티엑스알로보틱스
스마트팩토리(스마트공장),LS ELECTRIC
스마트팩토리(스마트공장),LG씨엔에스
스마트팩토리(스마트공장),코윈테크
스마트팩토리(스마트공장),효성ITX
스마트팩토리(스마트공장),TPC
스마트팩토리(스마트공장),LG
스마트팩토리(스마트공장),라온테크
스마트팩토리(스마트공장),이삭엔지니어링
스마트팩토리(스마트공장),코닉오토메이션
스마트팩토리(스마트공장),LS티라유텍
스마트팩토리(스마트공장),휴림로봇
스마트팩토리(스마트공장),제닉스
스마트팩토리(스마트공장),현대무벡스
스마트팩토리(스마트공장),에스피시스템스
스마트팩토리(스마트공장),아진엑스텍
스마트팩토리(스마트공장),엠아이큐브솔루션
스마트팩토리(스마트공장),알에스오토메이션
스마트팩토리(스마트공장),에스엠코어
스마트팩토리(스마트공장),엠투아이
스마트팩토리(스마트공장),고영
스마트팩토리(스마트공장),MDS테크
스마트팩토리(스마트공장),유일로보틱스
스마트팩토리(스마트공장),더존비즈온
비철금속,그린플러스
비철금속,태경산업
비철금속,DI동일
비철금속,대호에이엘
비철금속,포스코엠텍
비철금속,삼아알미늄
비철금속,영풍
비철금속,대창
비철금속,티플랙스
비철금속,피제이메탈
비철금속,현대비앤지스틸
비철금속,서원
비철금속,이렘
비철금속,남선알미늄
비철금속,국일신동
비철금속,조일알미늄
비철금속,이구산업
비철금속,알루코
비철금속,황금에스티
비철금속,한주라이트메탈
비철금속,풍산
비철금속,풍산홀딩스
비철금속,알멕
비철금속,고려아연
비철금속,대양금속
비철금속,쎄니트
전력저장장치(ESS),한전산업
전력저장장치(ESS),삼화전기
전력저장장치(ESS),포스코DX
전력저장장치(ESS),삼화콘덴서
전력저장장치(ESS),지투파워
전력저장장치(ESS),유일에너테크
전력저장장치(ESS),피엔티
전력저장장치(ESS),디케이티
전력저장장치(ESS),신성에스티
전력저장장치(ESS),LG전자
전력저장장치(ESS),금양그린파워
전력저장장치(ESS),세방전지
전력저장장치(ESS),SK이노베이션
전력저장장치(ESS),삼성SDI
전력저장장치(ESS),유니테크노
전력저장장치(ESS),LS ELECTRIC
전력저장장치(ESS),씨아이에스
전력저장장치(ESS),엠플러스
전력저장장치(ESS),LG에너지솔루션
전력저장장치(ESS),파워로직스
전력저장장치(ESS),디와이덕양
전력저장장치(ESS),상아프론테크
전력저장장치(ESS),효성중공업
전력저장장치(ESS),서진시스템
전력저장장치(ESS),삼진엘앤디
전력저장장치(ESS),이랜텍
전력저장장치(ESS),신성이엔지
전력저장장치(ESS),와이엠텍
전력저장장치(ESS),비츠로셀
전력저장장치(ESS),알에스오토메이션
전력저장장치(ESS),한중엔시에스
전력저장장치(ESS),아모그린텍
전력저장장치(ESS),비나텍
전력저장장치(ESS),SK이터닉스
전력저장장치(ESS),원익피앤이
전력저장장치(ESS),HD현대에너지솔루션
전력저장장치(ESS),캐리
전력저장장치(ESS),그리드위즈
전력저장장치(ESS),케이이엠텍
토스(toss),한화투자증권
토스(toss),엔비티
토스(toss),한국전자인증
토스(toss),이월드
토스(toss),대신정보통신
토스(toss),하나금융지주
종합 물류,SG&G
종합 물류,현대글로비스
종합 물류,CJ대한통운
종합 물류,유성티엔에스
종합 물류,한익스프레스
종합 물류,한솔로지스틱스
종합 물류,인터지스
종합 물류,세방
종합 물류,태웅로직스
종합 물류,선광
종합 물류,삼일
종합 물류,KCTC
종합 물류,STX그린로지스
종합 물류,동방
종합 물류,한진
NI(네트워크통합),아이티센씨티에스
NI(네트워크통합),오픈베이스
NI(네트워크통합),오파스넷
NI(네트워크통합),에스넷
NI(네트워크통합),링네트
NI(네트워크통합),인성정보
NI(네트워크통합),광무
자원개발,삼성물산
자원개발,포스코인터내셔널
자원개발,SK이노베이션
자원개발,GS
자원개발,큐로홀딩스
자원개발,대성산업
자원개발,비엘팜텍
자원개발,GS글로벌
자원개발,LX인터내셔널
자원개발,엘컴텍
자원개발,한국가스공사
자원개발,현대코퍼레이션
자원개발,서울가스
자원개발,에스아이리소스
원격진료/비대면진료(U-Healthcare),녹십자홀딩스
원격진료/비대면진료(U-Healthcare),소프트센
원격진료/비대면진료(U-Healthcare),케어랩스
원격진료/비대면진료(U-Healthcare),알서포트
원격진료/비대면진료(U-Healthcare),인피니트헬스케어
원격진료/비대면진료(U-Healthcare),마크로젠
원격진료/비대면진료(U-Healthcare),메디포스트
원격진료/비대면진료(U-Healthcare),유비케어
원격진료/비대면진료(U-Healthcare),인성정보
원격진료/비대면진료(U-Healthcare),비트컴퓨터
원격진료/비대면진료(U-Healthcare),블루엠텍
원격진료/비대면진료(U-Healthcare),네오펙트
원격진료/비대면진료(U-Healthcare),차바이오텍
원격진료/비대면진료(U-Healthcare),뷰웍스
원격진료/비대면진료(U-Healthcare),토마토시스템
원격진료/비대면진료(U-Healthcare),나노엔텍
원격진료/비대면진료(U-Healthcare),이지케어텍
원격진료/비대면진료(U-Healthcare),인바디
원격진료/비대면진료(U-Healthcare),제이엘케이
원격진료/비대면진료(U-Healthcare),씨어스테크놀로지
원격진료/비대면진료(U-Healthcare),스피어
딥페이크(deepfake),시선AI
딥페이크(deepfake),플랜티넷
딥페이크(deepfake),샌즈랩
딥페이크(deepfake),스톤브릿지벤처스
딥페이크(deepfake),한빛소프트
딥페이크(deepfake),에스피소프트
딥페이크(deepfake),M83
딥페이크(deepfake),이스트소프트
딥페이크(deepfake),파수
딥페이크(deepfake),디지캡
딥페이크(deepfake),라온시큐어
딥페이크(deepfake),아이씨티케이
딥페이크(deepfake),알체라
딥페이크(deepfake),크라우드웍스
아스콘(아스팔트 콘크리트),엔피케이
아스콘(아스팔트 콘크리트),아이티센씨티에스
아스콘(아스팔트 콘크리트),홈센타홀딩스
아스콘(아스팔트 콘크리트),유진기업
아스콘(아스팔트 콘크리트),스페코
아스콘(아스팔트 콘크리트),한국석유
아스콘(아스팔트 콘크리트),극동유화
아스콘(아스팔트 콘크리트),보광산업
아스콘(아스팔트 콘크리트),SG
자동차부품,이원컴포텍
자동차부품,세동
자동차부품,SG&G
자동차부품,유라테크
자동차부품,일진하이솔루스
자동차부품,LG이노텍
자동차부품,엣지파운드리
자동차부품,우리산업
자동차부품,세아메카닉스
자동차부품,서연이화
자동차부품,화신
자동차부품,유니온머티리얼
자동차부품,DN오토모티브
자동차부품,캐스텍코리아
자동차부품,한국단자
자동차부품,인탑스
자동차부품,풍강
자동차부품,아이윈
자동차부품,인지컨트롤스
자동차부품,케이엔더블유
자동차부품,성우하이텍
자동차부품,SNT모티브
자동차부품,케이피에프
자동차부품,SJG세종
자동차부품,에코캡
자동차부품,서진오토모티브
자동차부품,대호에이엘
자동차부품,씨티알모빌리티
자동차부품,탑런토탈솔루션
자동차부품,화신정공
자동차부품,디와이
자동차부품,현대모비스
자동차부품,SNT다이내믹스
자동차부품,LX하우시스
자동차부품,영화테크
자동차부품,동원금속
자동차부품,엔브이에이치코리아
자동차부품,HDC현대EP
자동차부품,성우
자동차부품,티에이치엔
자동차부품,현대공업
자동차부품,인화정공
자동차부품,성창오토텍
자동차부품,태원물산
자동차부품,에스엘
자동차부품,체시스
자동차부품,휴림에이텍
자동차부품,삼보모터스
자동차부품,티피씨글로벌
자동차부품,디젠스
자동차부품,케이비아이동국실업
자동차부품,HL만도
자동차부품,유니테크노
자동차부품,대원강업
자동차부품,세아특수강
자동차부품,구영테크
자동차부품,엠에스오토텍
자동차부품,아진산업
자동차부품,우신시스템
자동차부품,현대위아
자동차부품,한온시스템
자동차부품,서연탑메탈
자동차부품,영보화학
자동차부품,나라엠앤디
자동차부품,디와이덕양
자동차부품,남선알미늄
자동차부품,한일단조
자동차부품,와이엠
자동차부품,에스엠벡셀
자동차부품,덕우전자
자동차부품,명신산업
자동차부품,삼현
자동차부품,화천기계
자동차부품,지엠비코리아
자동차부품,BGF에코머티리얼즈
자동차부품,HS효성첨단소재
자동차부품,웹스
자동차부품,포메탈
자동차부품,두올
자동차부품,모베이스전자
자동차부품,피에이치에이
자동차부품,태양금속
자동차부품,상신브레이크
자동차부품,파트론
자동차부품,계양전기
자동차부품,영화금속
자동차부품,일정실업
자동차부품,유성기업
자동차부품,삼원강재
자동차부품,오스템
자동차부품,새론오토모티브
자동차부품,KB오토시스
자동차부품,삼성공조
자동차부품,디와이씨
자동차부품,아진전자부품
자동차부품,영흥
자동차부품,대동금속
자동차부품,인팩
자동차부품,경창산업
자동차부품,평화산업
자동차부품,모베이스
자동차부품,한주라이트메탈
자동차부품,금호에이치티
자동차부품,화승알앤에이
자동차부품,에이치엠넥스
자동차부품,네오오토
자동차부품,우수AMS
자동차부품,GH신소재
자동차부품,일지테크
자동차부품,모토닉
자동차부품,KBI메탈
자동차부품,핸즈코퍼레이션
자동차부품,SG글로벌
자동차부품,에코플라스틱
자동차부품,폴라리스세원
자동차부품,동아화성
자동차부품,세원물산
자동차부품,대동기어
자동차부품,디아이씨
자동차부품,유니크
자동차부품,코리아에프티
자동차부품,한국무브넥스
자동차부품,SJM
자동차부품,DYP
자동차부품,시노펙스
자동차부품,한중엔시에스
자동차부품,대원산업
자동차부품,네오티스
자동차부품,에스텍
자동차부품,모트렉스
자동차부품,세원정공
자동차부품,삼기
자동차부품,알멕
자동차부품,대유에이텍
자동차부품,한국피아이엠
자동차부품,모티브링크
자동차부품,오리엔트정공
자동차부품,DH오토웨어
자동차부품,HL홀딩스
자동차부품,DH오토리드
자동차부품,대성파인텍
자동차부품,CBI
자동차부품,육일씨엔에쓰
자동차부품,에코볼트
바이오시밀러(복제 바이오의약품),삼천당제약
바이오시밀러(복제 바이오의약품),녹십자
바이오시밀러(복제 바이오의약품),에이프로젠
바이오시밀러(복제 바이오의약품),에이프로젠바이오로직스
바이오시밀러(복제 바이오의약품),셀트리온
바이오시밀러(복제 바이오의약품),LG화학
바이오시밀러(복제 바이오의약품),팬젠
바이오시밀러(복제 바이오의약품),한올바이오파마
바이오시밀러(복제 바이오의약품),이수앱지스
바이오시밀러(복제 바이오의약품),종근당
바이오시밀러(복제 바이오의약품),셀트리온제약
바이오시밀러(복제 바이오의약품),보령
바이오시밀러(복제 바이오의약품),프레스티지바이오파마
바이오시밀러(복제 바이오의약품),동아에스티
바이오시밀러(복제 바이오의약품),선바이오
바이오시밀러(복제 바이오의약품),프레스티지바이오로직스
바이오시밀러(복제 바이오의약품),삼성바이오로직스
바이오시밀러(복제 바이오의약품),대웅제약
바이오시밀러(복제 바이오의약품),한미약품
바이오시밀러(복제 바이오의약품),바이넥스
바이오시밀러(복제 바이오의약품),알테오젠
초전도체,모비스
초전도체,비츠로테크
초전도체,인지컨트롤스
초전도체,탑엔지니어링
초전도체,한양이엔지
초전도체,고려제강
초전도체,LS ELECTRIC
초전도체,인지디스플레
초전도체,아모텍
초전도체,파워로직스
초전도체,서남
초전도체,신성델타테크
초전도체,덕성
초전도체,아센디오
초전도체,원익피앤이
초전도체,씨씨에스
스마트홈(홈네트워크),CS
스마트홈(홈네트워크),포스코DX
스마트홈(홈네트워크),자이에스앤디
스마트홈(홈네트워크),위닉스
스마트홈(홈네트워크),삼성전자
스마트홈(홈네트워크),LG전자
스마트홈(홈네트워크),HDC랩스
스마트홈(홈네트워크),옴니시스템
스마트홈(홈네트워크),엠젠솔루션
스마트홈(홈네트워크),한울소재과학
스마트홈(홈네트워크),코콤
스마트홈(홈네트워크),KT
스마트홈(홈네트워크),현대리바트
스마트홈(홈네트워크),에스넷
스마트홈(홈네트워크),SK텔레콤
스마트홈(홈네트워크),에스원
스마트홈(홈네트워크),제일일렉트릭
스마트홈(홈네트워크),피에스텍
스마트홈(홈네트워크),현대에이치티
스마트홈(홈네트워크),위너스
스마트홈(홈네트워크),누리플렉스
스마트홈(홈네트워크),LG유플러스
스마트홈(홈네트워크),경동나비엔
제지,깨끗한나라
제지,아세아제지
제지,무림P&P
제지,무림페이퍼
제지,한국수출포장
제지,한솔제지
제지,한창제지
제지,삼정펄프
제지,페이퍼코리아
제지,무림SP
제지,한국제지
제지,해성산업
제지,신풍
제대혈,녹십자
제대혈,메디포스트
제대혈,강스템바이오텍
제대혈,차바이오텍
제대혈,지씨셀
황사/미세먼지,포스코DX
황사/미세먼지,에코프로에이치엔
황사/미세먼지,위닉스
황사/미세먼지,코웨이
황사/미세먼지,롯데하이마트
황사/미세먼지,성창오토텍
황사/미세먼지,파세코
황사/미세먼지,안국약품
황사/미세먼지,상아프론테크
황사/미세먼지,삼일제약
황사/미세먼지,웰크론
황사/미세먼지,JW중외제약
황사/미세먼지,씨앤투스
황사/미세먼지,모나리자
황사/미세먼지,휴비츠
황사/미세먼지,누리플랜
황사/미세먼지,하츠
황사/미세먼지,보령
황사/미세먼지,케스피온
황사/미세먼지,옵투스제약
황사/미세먼지,크린앤사이언스
황사/미세먼지,나노
황사/미세먼지,케이웨더
황사/미세먼지,케이엠
황사/미세먼지,국제약품
메타버스(Metaverse),핑거
메타버스(Metaverse),카카오
메타버스(Metaverse),에스코넥
메타버스(Metaverse),LG이노텍
메타버스(Metaverse),칩스앤미디어
메타버스(Metaverse),NAVER
메타버스(Metaverse),코세스
메타버스(Metaverse),셀바스AI
메타버스(Metaverse),자이언트스텝
메타버스(Metaverse),큐에스아이
메타버스(Metaverse),신도기연
메타버스(Metaverse),CJ ENM
메타버스(Metaverse),현대차
메타버스(Metaverse),뉴프렉스
메타버스(Metaverse),엘엠에스
메타버스(Metaverse),디어유
메타버스(Metaverse),옵티시스
메타버스(Metaverse),엠게임
메타버스(Metaverse),선익시스템
메타버스(Metaverse),버넥트
메타버스(Metaverse),바이브컴퍼니
메타버스(Metaverse),KT
메타버스(Metaverse),링크드
메타버스(Metaverse),위세아이텍
메타버스(Metaverse),에스넷
메타버스(Metaverse),미투온
메타버스(Metaverse),롯데이노베이트
메타버스(Metaverse),넵튠
메타버스(Metaverse),덱스터
메타버스(Metaverse),대성창투
메타버스(Metaverse),이랜텍
메타버스(Metaverse),씨이랩
메타버스(Metaverse),다보링크
메타버스(Metaverse),한빛소프트
메타버스(Metaverse),주연테크
메타버스(Metaverse),크레버스
메타버스(Metaverse),웨이버스
메타버스(Metaverse),이노뎁
메타버스(Metaverse),위지윅스튜디오
메타버스(Metaverse),아진엑스텍
메타버스(Metaverse),엔피
메타버스(Metaverse),펄어비스
메타버스(Metaverse),SKAI
메타버스(Metaverse),LG유플러스
메타버스(Metaverse),케이쓰리아이
메타버스(Metaverse),스코넥
메타버스(Metaverse),알체라
메타버스(Metaverse),iMBC
메타버스(Metaverse),SBS
메타버스(Metaverse),비트맥스
맥신(MXene),경동인베스트
맥신(MXene),태경산업
맥신(MXene),아이크래프트
맥신(MXene),티플랙스
맥신(MXene),APS
맥신(MXene),코닉오토메이션
맥신(MXene),휴비스
맥신(MXene),나노
맥신(MXene),한국앤컴퍼니
맥신(MXene),센코
맥신(MXene),나인테크
맥신(MXene),아모센스
전기차 화재 방지(배터리 열폭주 등),한빛레이저
전기차 화재 방지(배터리 열폭주 등),태성
전기차 화재 방지(배터리 열폭주 등),엣지파운드리
전기차 화재 방지(배터리 열폭주 등),서연이화
전기차 화재 방지(배터리 열폭주 등),이닉스
전기차 화재 방지(배터리 열폭주 등),나노팀
전기차 화재 방지(배터리 열폭주 등),엠젠솔루션
전기차 화재 방지(배터리 열폭주 등),케이엔에스
전기차 화재 방지(배터리 열폭주 등),신흥에스이씨
전기차 화재 방지(배터리 열폭주 등),켐트로스
전기차 화재 방지(배터리 열폭주 등),디와이덕양
전기차 화재 방지(배터리 열폭주 등),신진에스엠
전기차 화재 방지(배터리 열폭주 등),롯데이노베이트
전기차 화재 방지(배터리 열폭주 등),한컴라이프케어
전기차 화재 방지(배터리 열폭주 등),토비스
전기차 화재 방지(배터리 열폭주 등),엔바이오니아
전기차 화재 방지(배터리 열폭주 등),금호에이치티
전기차 화재 방지(배터리 열폭주 등),이노메트리
전기차 화재 방지(배터리 열폭주 등),와이엠텍
전기차 화재 방지(배터리 열폭주 등),제일일렉트릭
전기차 화재 방지(배터리 열폭주 등),아이텍
전기차 화재 방지(배터리 열폭주 등),삼기에너지솔루션즈
전기차 화재 방지(배터리 열폭주 등),민테크
전기차 화재 방지(배터리 열폭주 등),한중엔시에스
전기차 화재 방지(배터리 열폭주 등),소니드
전기차 화재 방지(배터리 열폭주 등),아모그린텍
전기차 화재 방지(배터리 열폭주 등),캐리
전기차 화재 방지(배터리 열폭주 등),LK삼양
전기차 화재 방지(배터리 열폭주 등),그리드위즈
공기청정기,위닉스
공기청정기,삼성전자
공기청정기,LG전자
공기청정기,코웨이
공기청정기,에스피지
공기청정기,오텍
공기청정기,씨앤투스
공기청정기,신일전자
공기청정기,크린앤사이언스
공기청정기,성호전자
공기청정기,케이웨더
공기청정기,쿠쿠홈시스
소매유통,대구백화점
소매유통,CJ ENM
소매유통,스튜디오삼익
소매유통,BGF리테일
소매유통,세이브존I&C
소매유통,지어소프트
소매유통,롯데하이마트
소매유통,GS리테일
소매유통,엑시온그룹
소매유통,광주신세계
소매유통,청담글로벌
소매유통,현대홈쇼핑
소매유통,이마트
소매유통,한화갤러리아
소매유통,신세계
소매유통,롯데쇼핑
소매유통,호텔신라
소매유통,그래디언트
소매유통,현대백화점
전선,LS
전선,대한전선
전선,LS마린솔루션
전선,대원전선
전선,KBI메탈
전선,가온전선
전선,일진전기
전선,LS에코에너지
국내 상장 중국기업,로스웰
국내 상장 중국기업,크리스탈신소재
국내 상장 중국기업,윙입푸드
국내 상장 중국기업,오가닉티코스메틱
국내 상장 중국기업,컬러레이
국내 상장 중국기업,피델릭스
국내 상장 중국기업,씨엑스아이
국내 상장 중국기업,글로벌에스엠
국내 상장 중국기업,이스트아시아홀딩스
국내 상장 중국기업,GRT
국내 상장 중국기업,헝셩그룹
LPG(액화석유가스),SK이노베이션
LPG(액화석유가스),GS
LPG(액화석유가스),S-Oil
LPG(액화석유가스),대성산업
LPG(액화석유가스),중앙에너비스
LPG(액화석유가스),SK가스
LPG(액화석유가스),극동유화
LPG(액화석유가스),흥구석유
LPG(액화석유가스),E1
밥솥,어보브반도체
밥솥,신일전자
밥솥,PN풍년
밥솥,쿠쿠홀딩스
밥솥,캐리
양자암호/양자컴퓨팅,아이티센피엔에스
양자암호/양자컴퓨팅,라닉스
양자암호/양자컴퓨팅,큐에스아이
양자암호/양자컴퓨팅,에이엘티
양자암호/양자컴퓨팅,쏠리드
양자암호/양자컴퓨팅,아톤
양자암호/양자컴퓨팅,포톤
양자암호/양자컴퓨팅,한울소재과학
양자암호/양자컴퓨팅,우리넷
양자암호/양자컴퓨팅,KT
양자암호/양자컴퓨팅,엑스게이트
양자암호/양자컴퓨팅,파인텍
양자암호/양자컴퓨팅,딥마인드
양자암호/양자컴퓨팅,SK텔레콤
양자암호/양자컴퓨팅,코위버
양자암호/양자컴퓨팅,케이씨에스
양자암호/양자컴퓨팅,드림시큐리티
양자암호/양자컴퓨팅,한국첨단소재
양자암호/양자컴퓨팅,한국정보인증
양자암호/양자컴퓨팅,우리로
양자암호/양자컴퓨팅,아이윈플러스
양자암호/양자컴퓨팅,라온시큐어
양자암호/양자컴퓨팅,LG유플러스
양자암호/양자컴퓨팅,아이씨티케이
사물인터넷,에이디테크놀로지
사물인터넷,케이사인
사물인터넷,기가레인
사물인터넷,엑사이엔씨
사물인터넷,오픈베이스
사물인터넷,HDC랩스
사물인터넷,삼성에스디에스
사물인터넷,가온그룹
사물인터넷,한국전자인증
사물인터넷,삼진
사물인터넷,한울소재과학
사물인터넷,코콤
사물인터넷,SGA솔루션즈
사물인터넷,알파칩스
사물인터넷,에스넷
사물인터넷,트루엔
사물인터넷,효성ITX
사물인터넷,비츠로시스
사물인터넷,엔텔스
사물인터넷,유비쿼스
사물인터넷,다산네트웍스
사물인터넷,대한과학
사물인터넷,에이텍
사물인터넷,소니드
사물인터넷,SGA
사물인터넷,두산테스나
사물인터넷,누리플렉스
사물인터넷,심플랫폼
사물인터넷,LG유플러스
사물인터넷,유진로봇
LNG(액화천연가스),동성화인텍
LNG(액화천연가스),POSCO홀딩스
LNG(액화천연가스),SK
LNG(액화천연가스),한국카본
LNG(액화천연가스),대창솔루션
LNG(액화천연가스),SK오션플랜트
LNG(액화천연가스),비에이치아이
LNG(액화천연가스),GS
LNG(액화천연가스),HJ중공업
LNG(액화천연가스),한화엔진
LNG(액화천연가스),SK가스
LNG(액화천연가스),엔케이
LNG(액화천연가스),일승
LNG(액화천연가스),지역난방공사
LNG(액화천연가스),한국가스공사
LNG(액화천연가스),HD현대인프라코어
LNG(액화천연가스),삼성중공업
LNG(액화천연가스),원일티엔아이
LNG(액화천연가스),한국전력
LNG(액화천연가스),대한해운
LNG(액화천연가스),케일럼
LNG(액화천연가스),팬오션
LNG(액화천연가스),SNT에너지
LNG(액화천연가스),HD현대미포
LNG(액화천연가스),HD한국조선해양
LNG(액화천연가스),삼천리
구제역/광우병 수혜,우진비앤지
구제역/광우병 수혜,사조산업
구제역/광우병 수혜,하림
구제역/광우병 수혜,우성
구제역/광우병 수혜,동원수산
구제역/광우병 수혜,태경비케이
구제역/광우병 수혜,팜스토리
구제역/광우병 수혜,신라교역
구제역/광우병 수혜,마니커
구제역/광우병 수혜,한일사료
구제역/광우병 수혜,신라에스지
구제역/광우병 수혜,정다운
구제역/광우병 수혜,대성미생물
구제역/광우병 수혜,동우팜투테이블
구제역/광우병 수혜,CJ씨푸드
구제역/광우병 수혜,사조오양
구제역/광우병 수혜,한성기업
구제역/광우병 수혜,동원산업
구제역/광우병 수혜,이지홀딩스
구제역/광우병 수혜,사조대림
여행,노랑풍선
여행,세중
여행,SM C&C
여행,참좋은여행
여행,하나투어
여행,레드캡투어
여행,롯데관광개발
여행,그래디언트
여행,모두투어
윤활유,SK이노베이션
윤활유,GS
윤활유,S-Oil
윤활유,한국쉘석유
윤활유,극동유화
윤활유,흥구석유
윤활유,미창석유
영화,CJ CGV
영화,바른손
영화,CJ ENM
영화,쇼박스
영화,NEW
영화,바른손이앤에이
영화,덱스터
영화,포바이포
영화,롯데쇼핑
영화,아센디오
영화,쎄니트
영화,콘텐트리중앙
코로나19(음압병실/음압구급차),엔브이에이치코리아
코로나19(음압병실/음압구급차),우정바이오
코로나19(음압병실/음압구급차),케이엔솔
코로나19(음압병실/음압구급차),오텍
코로나19(음압병실/음압구급차),GH신소재
코로나19(음압병실/음압구급차),신성이엔지
코로나19(음압병실/음압구급차),에스와이
카지노,파라다이스
카지노,GKL
카지노,토비스
카지노,강원랜드
카지노,롯데관광개발
카지노,코텍
편의점,BGF리테일
편의점,유성티엔에스
편의점,GS리테일
편의점,이마트
편의점,롯데지주
마이크로바이옴,DXVX
마이크로바이옴,LG생활건강
마이크로바이옴,아모레퍼시픽
마이크로바이옴,종근당바이오
마이크로바이옴,고바이오랩
마이크로바이옴,마크로젠
마이크로바이옴,CJ 바이오사이언스
마이크로바이옴,에이치엘사이언스
마이크로바이옴,HLB제넥스
마이크로바이옴,에이치이엠파마
마이크로바이옴,비피도
마이크로바이옴,콜마홀딩스
마이크로바이옴,소마젠
마이크로바이옴,인트론바이오
마이크로바이옴,지놈앤컴퍼니
마이크로바이옴,랩지노믹스
마이크로바이옴,유바이오로직스
로봇(산업용/협동로봇 등),제우스
로봇(산업용/협동로봇 등),푸른기술
로봇(산업용/협동로봇 등),싸이맥스
로봇(산업용/협동로봇 등),인탑스
로봇(산업용/협동로봇 등),서암기계공업
로봇(산업용/협동로봇 등),러셀
로봇(산업용/협동로봇 등),케이피에프
로봇(산업용/협동로봇 등),두산
로봇(산업용/협동로봇 등),해성에어로보틱스
로봇(산업용/협동로봇 등),스맥
로봇(산업용/협동로봇 등),에스비비테크
로봇(산업용/협동로봇 등),에스피지
로봇(산업용/협동로봇 등),두산로보틱스
로봇(산업용/협동로봇 등),티피씨글로벌
로봇(산업용/협동로봇 등),뉴로메카
로봇(산업용/협동로봇 등),티엑스알로보틱스
로봇(산업용/협동로봇 등),베노티앤알
로봇(산업용/협동로봇 등),엔젤로보틱스
로봇(산업용/협동로봇 등),삼현
로봇(산업용/협동로봇 등),우림피티에스
로봇(산업용/협동로봇 등),티로보틱스
로봇(산업용/협동로봇 등),케이엔알시스템
로봇(산업용/협동로봇 등),레인보우로보틱스
로봇(산업용/협동로봇 등),포메탈
로봇(산업용/협동로봇 등),대동
로봇(산업용/협동로봇 등),TPC
로봇(산업용/협동로봇 등),하이젠알앤엠
로봇(산업용/협동로봇 등),라온테크
로봇(산업용/협동로봇 등),코닉오토메이션
로봇(산업용/협동로봇 등),로보스타
로봇(산업용/협동로봇 등),LS티라유텍
로봇(산업용/협동로봇 등),휴림로봇
로봇(산업용/협동로봇 등),오늘이엔엠
로봇(산업용/협동로봇 등),신성델타테크
로봇(산업용/협동로봇 등),현대무벡스
로봇(산업용/협동로봇 등),퍼스텍
로봇(산업용/협동로봇 등),클로봇
로봇(산업용/협동로봇 등),피제이전자
로봇(산업용/협동로봇 등),대동기어
로봇(산업용/협동로봇 등),LIG넥스원
로봇(산업용/협동로봇 등),디아이씨
로봇(산업용/협동로봇 등),에스피시스템스
로봇(산업용/협동로봇 등),아진엑스텍
로봇(산업용/협동로봇 등),알에스오토메이션
로봇(산업용/협동로봇 등),이랜시스
로봇(산업용/협동로봇 등),브이원텍
로봇(산업용/협동로봇 등),에브리봇
로봇(산업용/협동로봇 등),유일로보틱스
로봇(산업용/협동로봇 등),원익홀딩스
로봇(산업용/협동로봇 등),나우로보틱스
캐릭터상품,캐리소프트
캐릭터상품,데브시스터즈
캐릭터상품,SAMG엔터
캐릭터상품,손오공
캐릭터상품,오로라
캐릭터상품,리튬포어스
캐릭터상품,블리츠웨이엔터테인먼트
캐릭터상품,대원미디어
환율하락 수혜,POSCO홀딩스
환율하락 수혜,현대제철
환율하락 수혜,한탑
환율하락 수혜,CJ제일제당
환율하락 수혜,하나투어
환율하락 수혜,S-Oil
환율하락 수혜,하이트진로
환율하락 수혜,대상
환율하락 수혜,농심
환율하락 수혜,삼양홀딩스
환율하락 수혜,오리온
환율하락 수혜,오뚜기
환율하락 수혜,혜인
환율하락 수혜,대한항공
환율하락 수혜,대한제당
환율하락 수혜,대한제분
환율하락 수혜,아시아나항공
환율하락 수혜,풍산
환율하락 수혜,한국가스공사
환율하락 수혜,한국전력
환율하락 수혜,대한해운
환율하락 수혜,동원F&B
환율하락 수혜,고려아연
환율하락 수혜,모두투어
통신장비,텔콘RF제약
통신장비,CS
통신장비,RF머트리얼즈
통신장비,RFHIC
통신장비,웨이비스
통신장비,기가레인
통신장비,LS마린솔루션
통신장비,주성코퍼레이션
통신장비,인텔리안테크
통신장비,에프알텍
통신장비,쏠리드
통신장비,삼지전자
통신장비,한울소재과학
통신장비,우리넷
통신장비,파이오링크
통신장비,이노인스트루먼트
통신장비,피노
통신장비,에치에프알
통신장비,기산텔레콤
통신장비,서진시스템
통신장비,머큐리
통신장비,AP위성
통신장비,이노와이어리스
통신장비,빛샘전자
통신장비,코위버
통신장비,다산네트웍스
통신장비,유비쿼스
통신장비,다보링크
통신장비,센서뷰
통신장비,오늘이엔엠
통신장비,쏘닉스
통신장비,한국첨단소재
통신장비,와이어블
통신장비,우리로
통신장비,라이콤
통신장비,자람테크놀로지
통신장비,오이솔루션
통신장비,알엔투테크놀로지
통신장비,빛과전자
통신장비,웨이브일렉트로
통신장비,에이스테크
통신장비,케이엠더블유
통신장비,휴먼테크놀로지
통신장비,옵티코어
마이코플라스마 폐렴,DXVX
마이코플라스마 폐렴,위더스제약
마이코플라스마 폐렴,젠큐릭스
마이코플라스마 폐렴,광동제약
마이코플라스마 폐렴,팜젠사이언스
마이코플라스마 폐렴,경동제약
마이코플라스마 폐렴,경남제약
마이코플라스마 폐렴,엑세스바이오
마이코플라스마 폐렴,인트론바이오
마이코플라스마 폐렴,국제약품
마이코플라스마 폐렴,멕아이씨에스
마이코플라스마 폐렴,수젠텍
마이코플라스마 폐렴,국전약품
고체산화물 연료전지(SOFC),엘티씨
고체산화물 연료전지(SOFC),LS머트리얼즈
고체산화물 연료전지(SOFC),비에이치아이
고체산화물 연료전지(SOFC),금양그린파워
고체산화물 연료전지(SOFC),두산퓨얼셀
고체산화물 연료전지(SOFC),범한퓨얼셀
고체산화물 연료전지(SOFC),한선엔지니어링
고체산화물 연료전지(SOFC),SK디앤디
고체산화물 연료전지(SOFC),SK이터닉스
고체산화물 연료전지(SOFC),아모센스
고체산화물 연료전지(SOFC),미코
메르스 코로나 바이러스,DXVX
메르스 코로나 바이러스,에이프로젠바이오로직스
메르스 코로나 바이러스,우진비앤지
메르스 코로나 바이러스,PKC
메르스 코로나 바이러스,우정바이오
메르스 코로나 바이러스,한올바이오파마
메르스 코로나 바이러스,진매트릭스
메르스 코로나 바이러스,중앙백신
메르스 코로나 바이러스,웰크론
메르스 코로나 바이러스,삼진제약
메르스 코로나 바이러스,하이텍팜
메르스 코로나 바이러스,케이피엠테크
메르스 코로나 바이러스,이글벳
메르스 코로나 바이러스,고려제약
메르스 코로나 바이러스,크린앤사이언스
메르스 코로나 바이러스,빌리언스
메르스 코로나 바이러스,케이엠
메르스 코로나 바이러스,바이오니아
메르스 코로나 바이러스,서린바이오
메르스 코로나 바이러스,파루
태풍 및 장마,조비
태풍 및 장마,남해화학
태풍 및 장마,경농
태풍 및 장마,뉴보텍
태풍 및 장마,인선이엔티
태풍 및 장마,동방아그로
태풍 및 장마,롯데정밀화학
태풍 및 장마,대동
태풍 및 장마,코엔텍
태풍 및 장마,하이드로리튬
태풍 및 장마,파루
전기차(충전소/충전기),기아
전기차(충전소/충전기),휴맥스홀딩스
전기차(충전소/충전기),보성파워텍
전기차(충전소/충전기),SK
전기차(충전소/충전기),아이엘
전기차(충전소/충전기),알티캐스트
전기차(충전소/충전기),신세계 I&C
전기차(충전소/충전기),동양이엔피
전기차(충전소/충전기),현대차
전기차(충전소/충전기),NICE인프라
전기차(충전소/충전기),롯데이노베이트
전기차(충전소/충전기),토비스
전기차(충전소/충전기),LG헬로비전
전기차(충전소/충전기),위츠
전기차(충전소/충전기),SK네트웍스
전기차(충전소/충전기),휴맥스
전기차(충전소/충전기),디티씨
전기차(충전소/충전기),와이엠텍
전기차(충전소/충전기),피에스텍
전기차(충전소/충전기),솔루엠
전기차(충전소/충전기),모트렉스
전기차(충전소/충전기),위너스
전기차(충전소/충전기),원익피앤이
전기차(충전소/충전기),LG유플러스
전기차(충전소/충전기),캐리
전기차(충전소/충전기),그리드위즈
전기차(충전소/충전기),와이투솔루션
백화점,대구백화점
백화점,광주신세계
백화점,한화갤러리아
백화점,신세계
백화점,롯데쇼핑
백화점,현대백화점
영상콘텐츠,캐리소프트
영상콘텐츠,에이스토리
영상콘텐츠,바른손
영상콘텐츠,자이언트스텝
영상콘텐츠,CJ ENM
영상콘텐츠,초록뱀미디어
영상콘텐츠,SM C&C
영상콘텐츠,쇼박스
영상콘텐츠,JYP Ent.
영상콘텐츠,NEW
영상콘텐츠,에프엔씨엔터
영상콘텐츠,큐로홀딩스
영상콘텐츠,바른손이앤에이
영상콘텐츠,코퍼스코리아
영상콘텐츠,고스트스튜디오
영상콘텐츠,팬엔터테인먼트
영상콘텐츠,KX
영상콘텐츠,삼화네트웍스
영상콘텐츠,덱스터
영상콘텐츠,애니플러스
영상콘텐츠,SAMG엔터
영상콘텐츠,M83
영상콘텐츠,키이스트
영상콘텐츠,위지윅스튜디오
영상콘텐츠,스튜디오드래곤
영상콘텐츠,포바이포
영상콘텐츠,와이랩
영상콘텐츠,스튜디오미르
영상콘텐츠,아티스트스튜디오
영상콘텐츠,대원미디어
영상콘텐츠,콘텐트리중앙
영상콘텐츠,SBS
영상콘텐츠,캔버스엔
철강 중소형,제이스코홀딩스
철강 중소형,대창스틸
철강 중소형,SK오션플랜트
철강 중소형,유에스티
철강 중소형,NI스틸
철강 중소형,동국산업
철강 중소형,TCC스틸
철강 중소형,신스틸
철강 중소형,한일철강
철강 중소형,동양에스텍
철강 중소형,현대비앤지스틸
철강 중소형,한국주철관
철강 중소형,동일산업
철강 중소형,대호특수강
철강 중소형,동일제강
철강 중소형,경남스틸
철강 중소형,코메론
철강 중소형,DSR제강
철강 중소형,금강철강
철강 중소형,휴스틸
철강 중소형,영흥
철강 중소형,아주스틸
철강 중소형,금강공업
철강 중소형,원일특강
철강 중소형,율촌
철강 중소형,동일스틸럭스
철강 중소형,문배철강
철강 중소형,대동스틸
철강 중소형,부국철강
철강 중소형,만호제강
철강 중소형,삼현철강
철강 중소형,한국특강
철강 중소형,넥스틸
철강 중소형,키스트론
철강 중소형,화인베스틸
철강 중소형,동양철관
철강 중소형,하이스틸
수산,사조씨푸드
수산,사조산업
수산,동원수산
수산,신라교역
수산,신라에스지
수산,CJ씨푸드
수산,사조오양
수산,한성기업
수산,동원산업
수산,사조대림
자전거,빅텍
자전거,알톤
자전거,삼천리자전거
건설기계,프리엠스
건설기계,전진건설로봇
건설기계,서연탑메탈
건설기계,수산세보틱스
건설기계,디와이파워
건설기계,대창단조
건설기계,두산밥캣
건설기계,흥국
건설기계,동일금속
건설기계,혜인
건설기계,대동금속
건설기계,현대에버다임
건설기계,HD현대인프라코어
건설기계,대모
건설기계,HD현대건설기계
건설기계,진성티이씨
2025 상반기 신규상장,에르코스
2025 상반기 신규상장,에이유브랜즈
2025 상반기 신규상장,더즌
2025 상반기 신규상장,피아이이
2025 상반기 신규상장,아이에스티이
2025 상반기 신규상장,동방메디컬
2025 상반기 신규상장,와이즈넛
2025 상반기 신규상장,데이원컴퍼니
2025 상반기 신규상장,씨케이솔루션
2025 상반기 신규상장,아이지넷
2025 상반기 신규상장,티엑스알로보틱스
2025 상반기 신규상장,블랙야크아이앤씨
2025 상반기 신규상장,삼양엔씨켐
2025 상반기 신규상장,LG씨엔에스
2025 상반기 신규상장,한화플러스제5호스팩
2025 상반기 신규상장,우양에이치씨
2025 상반기 신규상장,유안타제17호스팩
2025 상반기 신규상장,신한제16호스팩
2025 상반기 신규상장,한텍
2025 상반기 신규상장,엘케이켐
2025 상반기 신규상장,오름테라퓨틱
2025 상반기 신규상장,서울보증보험
2025 상반기 신규상장,동국생명과학
2025 상반기 신규상장,대진첨단소재
2025 상반기 신규상장,원일티엔아이
2025 상반기 신규상장,위너스
2025 상반기 신규상장,오가노이드사이언스
2025 상반기 신규상장,바이오포트
2025 상반기 신규상장,심플랫폼
2025 상반기 신규상장,한국피아이엠
2025 상반기 신규상장,모티브링크
2025 상반기 신규상장,미트박스
2025 상반기 신규상장,엠디바이스
2025 상반기 신규상장,키스트론
2025 상반기 신규상장,로킷헬스케어
2025 상반기 신규상장,이뮨온시아
2025 상반기 신규상장,인투셀
2025 상반기 신규상장,달바글로벌
2025 상반기 신규상장,쎄크
2025 상반기 신규상장,에이아이코리아
2025 상반기 신규상장,나우로보틱스
2025 상반기 신규상장,에스엠씨지
2025 상반기 신규상장,티씨머티리얼즈
2025 상반기 신규상장,바이오비쥬
2025 상반기 신규상장,아스테라시스
항공/저가 항공사(LCC),제주항공
항공/저가 항공사(LCC),티웨이홀딩스
항공/저가 항공사(LCC),AK홀딩스
항공/저가 항공사(LCC),대한항공
항공/저가 항공사(LCC),티웨이항공
항공/저가 항공사(LCC),에어부산
항공/저가 항공사(LCC),아시아나항공
항공/저가 항공사(LCC),진에어
항공/저가 항공사(LCC),한진칼
엠폭스(원숭이두창),녹십자홀딩스
엠폭스(원숭이두창),바디텍메드
엠폭스(원숭이두창),팜젠사이언스
엠폭스(원숭이두창),진매트릭스
엠폭스(원숭이두창),오상자이엘
엠폭스(원숭이두창),바이오노트
엠폭스(원숭이두창),더바이오메드
엠폭스(원숭이두창),셀레믹스
엠폭스(원숭이두창),케스피온
엠폭스(원숭이두창),파미셀
엠폭스(원숭이두창),현대바이오
엠폭스(원숭이두창),녹십자엠에스
엠폭스(원숭이두창),HK이노엔
엠폭스(원숭이두창),휴마시스
엠폭스(원숭이두창),빌리언스
엠폭스(원숭이두창),바이오니아
엠폭스(원숭이두창),엑세스바이오
엠폭스(원숭이두창),씨젠
엠폭스(원숭이두창),제놀루션
엠폭스(원숭이두창),세니젠
엠폭스(원숭이두창),랩지노믹스
모더나(MODERNA),녹십자
모더나(MODERNA),파미셀
모더나(MODERNA),엔투텍
모더나(MODERNA),소마젠
모더나(MODERNA),에스티팜
모더나(MODERNA),삼성바이오로직스
유심(USIM),옴니시스템
유심(USIM),이루온
유심(USIM),유비벨록스
유심(USIM),엑스큐어
유심(USIM),성우전자
5G(5세대 이동통신),코스텍시스
5G(5세대 이동통신),RFHIC
5G(5세대 이동통신),대덕전자
5G(5세대 이동통신),대한광통신
5G(5세대 이동통신),삼성전자
5G(5세대 이동통신),웨이비스
5G(5세대 이동통신),기가레인
5G(5세대 이동통신),LS마린솔루션
5G(5세대 이동통신),LG전자
5G(5세대 이동통신),이수페타시스
5G(5세대 이동통신),아이크래프트
5G(5세대 이동통신),에프알텍
5G(5세대 이동통신),오파스넷
5G(5세대 이동통신),쏠리드
5G(5세대 이동통신),삼지전자
5G(5세대 이동통신),한울소재과학
5G(5세대 이동통신),우리넷
5G(5세대 이동통신),KT
5G(5세대 이동통신),알에프텍
5G(5세대 이동통신),이노인스트루먼트
5G(5세대 이동통신),와이솔
5G(5세대 이동통신),PI첨단소재
5G(5세대 이동통신),에치에프알
5G(5세대 이동통신),기산텔레콤
5G(5세대 이동통신),서진시스템
5G(5세대 이동통신),SK텔레콤
5G(5세대 이동통신),이루온
5G(5세대 이동통신),엔텔스
5G(5세대 이동통신),유비쿼스
5G(5세대 이동통신),코위버
5G(5세대 이동통신),텔코웨어
5G(5세대 이동통신),이노와이어리스
5G(5세대 이동통신),다보링크
5G(5세대 이동통신),센서뷰
5G(5세대 이동통신),오늘이엔엠
5G(5세대 이동통신),쏘닉스
5G(5세대 이동통신),한국첨단소재
5G(5세대 이동통신),와이어블
5G(5세대 이동통신),우리로
5G(5세대 이동통신),라이콤
5G(5세대 이동통신),자람테크놀로지
5G(5세대 이동통신),오이솔루션
5G(5세대 이동통신),빛과전자
5G(5세대 이동통신),웨이브일렉트로
5G(5세대 이동통신),나무기술
5G(5세대 이동통신),LS에코에너지
5G(5세대 이동통신),이지트로닉스
5G(5세대 이동통신),에이스테크
5G(5세대 이동통신),LG유플러스
5G(5세대 이동통신),케이엠더블유
5G(5세대 이동통신),휴먼테크놀로지
5G(5세대 이동통신),PS일렉트로닉스
5G(5세대 이동통신),옵티코어
제약업체,텔콘RF제약
제약업체,위더스제약
제약업체,삼천당제약
제약업체,녹십자
제약업체,대한약품
제약업체,에이프로젠바이오로직스
제약업체,압타머사이언스
제약업체,JW생명과학
제약업체,광동제약
제약업체,동국제약
제약업체,조아제약
제약업체,HLB제약
제약업체,알피바이오
제약업체,신일제약
제약업체,대한뉴팜
제약업체,한올바이오파마
제약업체,팜젠사이언스
제약업체,SK바이오팜
제약업체,유한양행
제약업체,동화약품
제약업체,안국약품
제약업체,삼아제약
제약업체,부광약품
제약업체,경동제약
제약업체,종근당
제약업체,아이큐어
제약업체,CMG제약
제약업체,영진약품
제약업체,삼일제약
제약업체,일동제약
제약업체,삼진제약
제약업체,하나제약
제약업체,알리코제약
제약업체,JW중외제약
제약업체,테라젠이텍스
제약업체,하이텍팜
제약업체,셀트리온제약
제약업체,환인제약
제약업체,삼성제약
제약업체,경보제약
제약업체,명문제약
제약업체,SK바이오사이언스
제약업체,비보존 제약
제약업체,보령
제약업체,프레스티지바이오파마
제약업체,지엘팜텍
제약업체,이연제약
제약업체,동아에스티
제약업체,동구바이오제약
제약업체,한독
제약업체,현대약품
제약업체,고려제약
제약업체,경남제약
제약업체,휴온스
제약업체,대원제약
제약업체,서울제약
제약업체,유나이티드제약
제약업체,JW신약
제약업체,셀비온
제약업체,일양약품
제약업체,화일약품
제약업체,한국파마
제약업체,HK이노엔
제약업체,진양제약
제약업체,유유제약
제약업체,비씨월드제약
제약업체,프레스티지바이오로직스
제약업체,동아쏘시오홀딩스
제약업체,에스티팜
제약업체,코오롱생명과학
제약업체,삼성바이오로직스
제약업체,신신제약
제약업체,대웅제약
제약업체,대화제약
제약업체,국제약품
제약업체,제일약품
제약업체,한미약품
제약업체,더블유에스아이
제약업체,녹십자웰빙
제약업체,엔지켐생명과학
제약업체,신풍제약
제약업체,일성아이에스
제약업체,폴라리스AI파마
제약업체,국전약품
제약업체,그린생명과학
육계,하림
육계,팜스토리
육계,마니커
육계,체리부로
육계,동우팜투테이블
육계,마니커에프앤지
육계,푸드나무
육계,교촌에프앤비
육계,이지홀딩스
증강현실(AR),엔씨소프트
증강현실(AR),신도기연
증강현실(AR),디모아
증강현실(AR),텔레칩스
증강현실(AR),사피엔반도체
증강현실(AR),가온그룹
증강현실(AR),세코닉스
증강현실(AR),엠게임
증강현실(AR),버넥트
증강현실(AR),에스넷
증강현실(AR),덱스터
증강현실(AR),이랜텍
증강현실(AR),동운아나텍
증강현실(AR),팅크웨어
증강현실(AR),이노시뮬레이션
증강현실(AR),위지윅스튜디오
증강현실(AR),라온텍
증강현실(AR),포니링크
증강현실(AR),케이쓰리아이
증강현실(AR),비트맥스
콜드체인(저온 유통),대창솔루션
콜드체인(저온 유통),태경케미컬
콜드체인(저온 유통),한익스프레스
콜드체인(저온 유통),HLB테라퓨틱스
콜드체인(저온 유통),GST
콜드체인(저온 유통),아이큐어
콜드체인(저온 유통),아이텍
콜드체인(저온 유통),대한과학
콜드체인(저온 유통),동아쏘시오홀딩스
콜드체인(저온 유통),일신바이오
콜드체인(저온 유통),서린바이오
콜드체인(저온 유통),지씨셀
"구충제(펜벤다졸, 이버멕틴 등)",조아제약
"구충제(펜벤다졸, 이버멕틴 등)",체시스
"구충제(펜벤다졸, 이버멕틴 등)",진바이오텍
"구충제(펜벤다졸, 이버멕틴 등)",알리코제약
"구충제(펜벤다졸, 이버멕틴 등)",대성미생물
"구충제(펜벤다졸, 이버멕틴 등)",명문제약
"구충제(펜벤다졸, 이버멕틴 등)",이글벳
"구충제(펜벤다졸, 이버멕틴 등)",화일약품
"구충제(펜벤다졸, 이버멕틴 등)",신풍제약
낙태/피임,알리코제약
낙태/피임,명문제약
낙태/피임,지엘팜텍
낙태/피임,현대약품
기업인수목적회사(SPAC),신영스팩8호
기업인수목적회사(SPAC),하나30호스팩
기업인수목적회사(SPAC),대신밸런스제18호스팩
기업인수목적회사(SPAC),한화플러스제5호스팩
기업인수목적회사(SPAC),KB제30호스팩
기업인수목적회사(SPAC),디비금융제13호스팩
기업인수목적회사(SPAC),신한제12호스팩
기업인수목적회사(SPAC),KB제28호스팩
기업인수목적회사(SPAC),엔에이치스팩30호
기업인수목적회사(SPAC),엔에이치스팩31호
기업인수목적회사(SPAC),유안타제11호스팩
기업인수목적회사(SPAC),대신밸런스제19호스팩
기업인수목적회사(SPAC),유진스팩11호
기업인수목적회사(SPAC),신한제15호스팩
기업인수목적회사(SPAC),한국제15호스팩
기업인수목적회사(SPAC),미래에셋비전스팩6호
기업인수목적회사(SPAC),엔에이치스팩25호
기업인수목적회사(SPAC),교보14호스팩
기업인수목적회사(SPAC),유진스팩9호
기업인수목적회사(SPAC),에이치엠씨제7호스팩
기업인수목적회사(SPAC),교보16호스팩
기업인수목적회사(SPAC),KB제27호스팩
기업인수목적회사(SPAC),IBKS제21호스팩
기업인수목적회사(SPAC),대신밸런스제14호스팩
기업인수목적회사(SPAC),삼성스팩9호
기업인수목적회사(SPAC),엔에이치스팩26호
기업인수목적회사(SPAC),IBKS제24호스팩
기업인수목적회사(SPAC),하나31호스팩
기업인수목적회사(SPAC),KB제29호스팩
기업인수목적회사(SPAC),이베스트스팩6호
기업인수목적회사(SPAC),DB금융스팩12호
기업인수목적회사(SPAC),에스케이증권제12호스팩
기업인수목적회사(SPAC),유안타제15호스팩
기업인수목적회사(SPAC),미래에셋비전스팩5호
기업인수목적회사(SPAC),에스케이증권제13호스팩
기업인수목적회사(SPAC),유안타제16호스팩
기업인수목적회사(SPAC),KB제31호스팩
기업인수목적회사(SPAC),유안타제12호스팩
기업인수목적회사(SPAC),하나26호스팩
기업인수목적회사(SPAC),교보17호스팩
기업인수목적회사(SPAC),삼성스팩8호
기업인수목적회사(SPAC),IBKS제22호스팩
기업인수목적회사(SPAC),미래에셋비전스팩3호
기업인수목적회사(SPAC),하이제8호스팩
기업인수목적회사(SPAC),유안타제14호스팩
기업인수목적회사(SPAC),엔에이치스팩29호
기업인수목적회사(SPAC),키움제10호스팩
기업인수목적회사(SPAC),신한제11호스팩
기업인수목적회사(SPAC),하나29호스팩
기업인수목적회사(SPAC),하나28호스팩
기업인수목적회사(SPAC),신한제14호스팩
기업인수목적회사(SPAC),한화플러스제4호스팩
기업인수목적회사(SPAC),미래에셋드림스팩1호
기업인수목적회사(SPAC),하나34호스팩
기업인수목적회사(SPAC),에스케이증권제10호스팩
기업인수목적회사(SPAC),미래에셋비전스팩7호
기업인수목적회사(SPAC),미래에셋비전스팩2호
기업인수목적회사(SPAC),엔에이치스팩27호
기업인수목적회사(SPAC),비엔케이제1호스팩
기업인수목적회사(SPAC),키움제8호스팩
기업인수목적회사(SPAC),대신밸런스제16호스팩
기업인수목적회사(SPAC),IBKS제23호스팩
기업인수목적회사(SPAC),교보13호스팩
기업인수목적회사(SPAC),하나33호스팩
기업인수목적회사(SPAC),신영스팩10호
기업인수목적회사(SPAC),키움제11호스팩
기업인수목적회사(SPAC),에이치엠씨제6호스팩
기업인수목적회사(SPAC),유안타제13호스팩
기업인수목적회사(SPAC),상상인제4호스팩
기업인수목적회사(SPAC),비엔케이제2호스팩
기업인수목적회사(SPAC),유안타제17호스팩
기업인수목적회사(SPAC),신한제16호스팩
기업인수목적회사(SPAC),신영스팩9호
기업인수목적회사(SPAC),하나32호스팩
기업인수목적회사(SPAC),한국제12호스팩
기업인수목적회사(SPAC),교보15호스팩
기업인수목적회사(SPAC),하나27호스팩
기업인수목적회사(SPAC),유진스팩10호
기업인수목적회사(SPAC),에스케이증권제9호스팩
기업인수목적회사(SPAC),에스케이증권제11호스팩
기업인수목적회사(SPAC),미래에셋비전스팩4호
기업인수목적회사(SPAC),한국제13호스팩
기업인수목적회사(SPAC),대신밸런스제17호스팩
기업인수목적회사(SPAC),신한제13호스팩
기업인수목적회사(SPAC),KB제25호스팩
렌터카,롯데렌탈
렌터카,레드캡투어
렌터카,쏘카
렌터카,케이카
증권,신영증권
증권,한양증권
증권,한화투자증권
증권,키움증권
증권,대신증권
증권,코리아에셋투자증권
증권,미래에셋증권
증권,DB증권
증권,한국금융지주
증권,유화증권
증권,LS증권
증권,NH투자증권
증권,상상인증권
증권,SK증권
증권,삼성증권
증권,교보증권
증권,부국증권
증권,현대차증권
증권,유안타증권
증권,유진투자증권
증권,다올투자증권
타이어,금호타이어
타이어,한국타이어앤테크놀로지
타이어,금호석유화학
타이어,HS효성첨단소재
타이어,다이나믹디자인
타이어,넥센
타이어,코오롱인더
타이어,한국앤컴퍼니
타이어,넥센타이어
타이어,효성티앤씨
고령화 사회(노인복지),녹십자홀딩스
고령화 사회(노인복지),삼성전자
고령화 사회(노인복지),바텍
고령화 사회(노인복지),LG화학
고령화 사회(노인복지),HLB제약
고령화 사회(노인복지),인피니트헬스케어
고령화 사회(노인복지),피앤에스미캐닉스
고령화 사회(노인복지),마크로젠
고령화 사회(노인복지),큐렉소
고령화 사회(노인복지),메디포스트
고령화 사회(노인복지),유비케어
고령화 사회(노인복지),JW중외제약
고령화 사회(노인복지),인성정보
고령화 사회(노인복지),오텍
고령화 사회(노인복지),테라젠이텍스
고령화 사회(노인복지),휴비츠
고령화 사회(노인복지),신흥
고령화 사회(노인복지),비트컴퓨터
고령화 사회(노인복지),원익
고령화 사회(노인복지),현대바이오랜드
고령화 사회(노인복지),차바이오텍
고령화 사회(노인복지),씨유메디칼
고령화 사회(노인복지),오스코텍
고령화 사회(노인복지),뷰웍스
고령화 사회(노인복지),대원제약
고령화 사회(노인복지),세운메디칼
고령화 사회(노인복지),나노엔텍
고령화 사회(노인복지),피제이전자
고령화 사회(노인복지),인바디
고령화 사회(노인복지),인터로조
고령화 사회(노인복지),아이센스
고령화 사회(노인복지),코오롱티슈진
고령화 사회(노인복지),엔지켐생명과학
고령화 사회(노인복지),퓨쳐켐
고령화 사회(노인복지),앱클론
고령화 사회(노인복지),메타바이오메드
"스포츠행사 수혜(올림픽, 월드컵 등)",하림
"스포츠행사 수혜(올림픽, 월드컵 등)",팜스토리
"스포츠행사 수혜(올림픽, 월드컵 등)",하이트진로홀딩스
"스포츠행사 수혜(올림픽, 월드컵 등)",마니커
"스포츠행사 수혜(올림픽, 월드컵 등)",하이트진로
"스포츠행사 수혜(올림픽, 월드컵 등)",SOOP
"스포츠행사 수혜(올림픽, 월드컵 등)",동우팜투테이블
"스포츠행사 수혜(올림픽, 월드컵 등)",빌리언스
"스포츠행사 수혜(올림픽, 월드컵 등)",이지홀딩스
"스포츠행사 수혜(올림픽, 월드컵 등)",SBS
은행,카카오뱅크
은행,기업은행
은행,iM금융지주
은행,JB금융지주
은행,BNK금융지주
은행,우리금융지주
은행,제주은행
은행,신한지주
은행,하나금융지주
은행,KB금융
탈모 치료,이노진
탈모 치료,위더스제약
탈모 치료,TS트릴리온
탈모 치료,강스템바이오텍
탈모 치료,프롬바이오
탈모 치료,보령
탈모 치료,현대바이오랜드
탈모 치료,현대약품
탈모 치료,인산가
탈모 치료,안트로젠
탈모 치료,JW신약
탈모 치료,메타랩스
탈모 치료,피플바이오
탈모 치료,바이오니아
탈모 치료,신신제약
탈모 치료,대웅제약
탈모 치료,인스코비
탈모 치료,인벤티지랩
탈모 치료,올릭스
리츠(REITs),신한글로벌액티브리츠
리츠(REITs),미래에셋맵스리츠
리츠(REITs),롯데리츠
리츠(REITs),케이탑리츠
리츠(REITs),NH올원리츠
리츠(REITs),코람코더원리츠
리츠(REITs),이지스레지던스리츠
리츠(REITs),NH프라임리츠
리츠(REITs),신한알파리츠
리츠(REITs),디앤디플랫폼리츠
리츠(REITs),신한서부티엔디리츠
리츠(REITs),마스턴프리미어리츠
리츠(REITs),삼성FN리츠
리츠(REITs),SK리츠
리츠(REITs),한화리츠
리츠(REITs),코람코라이프인프라리츠
리츠(REITs),미래에셋글로벌리츠
리츠(REITs),제이알글로벌리츠
리츠(REITs),이리츠코크렙
리츠(REITs),KB스타리츠
리츠(REITs),이지스밸류플러스리츠
리츠(REITs),ESR켄달스퀘어리츠
"백신/진단시약/방역(신종플루, AI 등)",녹십자홀딩스
"백신/진단시약/방역(신종플루, AI 등)",모아라이프플러스
"백신/진단시약/방역(신종플루, AI 등)",녹십자
"백신/진단시약/방역(신종플루, AI 등)",에이프로젠바이오로직스
"백신/진단시약/방역(신종플루, AI 등)",우진비앤지
"백신/진단시약/방역(신종플루, AI 등)",오상헬스케어
"백신/진단시약/방역(신종플루, AI 등)",광동제약
"백신/진단시약/방역(신종플루, AI 등)",체시스
"백신/진단시약/방역(신종플루, AI 등)",바디텍메드
"백신/진단시약/방역(신종플루, AI 등)",대한뉴팜
"백신/진단시약/방역(신종플루, AI 등)",유한양행
"백신/진단시약/방역(신종플루, AI 등)",진매트릭스
"백신/진단시약/방역(신종플루, AI 등)",진바이오텍
"백신/진단시약/방역(신종플루, AI 등)",중앙백신
"백신/진단시약/방역(신종플루, AI 등)",종근당
"백신/진단시약/방역(신종플루, AI 등)",더바이오메드
"백신/진단시약/방역(신종플루, AI 등)",대성미생물
"백신/진단시약/방역(신종플루, AI 등)",SK바이오사이언스
"백신/진단시약/방역(신종플루, AI 등)",보령
"백신/진단시약/방역(신종플루, AI 등)",프로티아
"백신/진단시약/방역(신종플루, AI 등)",이글벳
"백신/진단시약/방역(신종플루, AI 등)",고려제약
"백신/진단시약/방역(신종플루, AI 등)",옵티팜
"백신/진단시약/방역(신종플루, AI 등)",화일약품
"백신/진단시약/방역(신종플루, AI 등)",일양약품
"백신/진단시약/방역(신종플루, AI 등)",차백신연구소
"백신/진단시약/방역(신종플루, AI 등)",큐라티스
"백신/진단시약/방역(신종플루, AI 등)",아이진
"백신/진단시약/방역(신종플루, AI 등)",바이오니아
"백신/진단시약/방역(신종플루, AI 등)",SK케미칼
"백신/진단시약/방역(신종플루, AI 등)",씨티씨바이오
"백신/진단시약/방역(신종플루, AI 등)",엑세스바이오
"백신/진단시약/방역(신종플루, AI 등)",인트론바이오
"백신/진단시약/방역(신종플루, AI 등)",씨젠
"백신/진단시약/방역(신종플루, AI 등)",코미팜
"백신/진단시약/방역(신종플루, AI 등)",랩지노믹스
"백신/진단시약/방역(신종플루, AI 등)",한미약품
"백신/진단시약/방역(신종플루, AI 등)",유바이오로직스
"백신/진단시약/방역(신종플루, AI 등)",신풍제약
"백신/진단시약/방역(신종플루, AI 등)",일성아이에스
"백신/진단시약/방역(신종플루, AI 등)",수젠텍
"백신/진단시약/방역(신종플루, AI 등)",파루
"백신/진단시약/방역(신종플루, AI 등)",진원생명과학
의료기기,에스지헬스케어
의료기기,뷰노
의료기기,디오
의료기기,동방메디컬
의료기기,메타케어
의료기기,덴티움
의료기기,셀바스헬스케어
의료기기,아이쓰리시스템
의료기기,오상헬스케어
의료기기,삼성전자
의료기기,바텍
의료기기,자이글
의료기기,비스토스
의료기기,비올
의료기기,티앤알바이오팹
의료기기,미래컴퍼니
의료기기,코렌텍
의료기기,바디텍메드
의료기기,파인메딕스
의료기기,리메드
의료기기,시지메드텍
의료기기,제테마
의료기기,티로보틱스
의료기기,피앤에스미캐닉스
의료기기,HLB생명과학
의료기기,큐렉소
의료기기,디알텍
의료기기,유비케어
의료기기,레이저옵텍
의료기기,더바이오메드
의료기기,엘앤케이바이오
의료기기,코어라인소프트
의료기기,아이빔테크놀로지
의료기기,프리시젼바이오
의료기기,레이언스
의료기기,휴비츠
의료기기,루닛
의료기기,네오펙트
의료기기,원익
의료기기,신흥
의료기기,동운아나텍
의료기기,씨유메디칼
의료기기,프로티아
의료기기,티앤엘
의료기기,제노레이
의료기기,디알젬
의료기기,파마리서치
의료기기,한스바이오메드
의료기기,뷰웍스
의료기기,라메디텍
의료기기,한독
의료기기,대원제약
의료기기,세운메디칼
의료기기,나노엔텍
의료기기,딥노이드
의료기기,피제이전자
의료기기,인바디
의료기기,휴마시스
의료기기,제이엘케이
의료기기,클래시스
의료기기,아스타
의료기기,퀀타매트릭스
의료기기,인터로조
의료기기,엠아이텍
의료기기,제놀루션
의료기기,씨어스테크놀로지
의료기기,아이센스
의료기기,랩지노믹스
의료기기,멕아이씨에스
의료기기,더블유에스아이
의료기기,메디아나
의료기기,알파녹스
의료기기,원텍
의료기기,로킷헬스케어
의료기기,바이오플러스
의료기기,바이오다인
의료기기,수젠텍
의료기기,한국비티비
의료기기,리가켐바이오
의료기기,엘앤씨바이오
의료기기,플라즈맵
의료기기,오스테오닉
의료기기,한국비엔씨
의료기기,메타바이오메드
의료기기,아스테라시스
의료기기,바이오비쥬
겨울,녹십자
겨울,광동제약
겨울,파세코
겨울,유한양행
겨울,동화약품
겨울,INVENI
겨울,부스타
겨울,경동도시가스
겨울,대성홀딩스
겨울,골프존
겨울,신일전자
겨울,지에스이
겨울,인천도시가스
겨울,지역난방공사
겨울,대성에너지
겨울,한국가스공사
겨울,SPC삼립
겨울,영원무역
겨울,서울가스
겨울,한미약품
겨울,삼천리
겨울,경동나비엔
화장품,내츄럴엔도텍
화장품,제로투세븐
화장품,LG생활건강
화장품,글로본
화장품,바른손
화장품,아모레퍼시픽홀딩스
화장품,넥스트아이
화장품,아모레퍼시픽
화장품,디와이디
화장품,씨큐브
화장품,토니모리
화장품,제이준코스메틱
화장품,펌텍코리아
화장품,잇츠한불
화장품,승일
화장품,코스맥스
화장품,코웨이
화장품,오가닉티코스메틱
화장품,HLB글로벌
화장품,컬러레이
화장품,비엘팜텍
화장품,오상자이엘
화장품,아이큐어
화장품,한국화장품
화장품,슈피겐코리아
화장품,애경산업
화장품,강스템바이오텍
화장품,에코글로우
화장품,뷰티스킨
화장품,리더스코스메틱
화장품,코리아나
화장품,미원상사
화장품,청담글로벌
화장품,프롬바이오
화장품,세화피앤씨
화장품,한국화장품제조
화장품,클리오
화장품,신세계인터내셔날
화장품,현대바이오랜드
화장품,동구바이오제약
화장품,파미셀
화장품,파마리서치
화장품,현대바이오
화장품,콜마비앤에이치
화장품,HLB펩
화장품,마녀공장
화장품,피엔케이피부임상연구센타
화장품,본느
화장품,네이처셀
화장품,제이투케이바이오
화장품,메타랩스
화장품,클래시스
화장품,씨티케이
화장품,잉글우드랩
화장품,콜마홀딩스
화장품,에스씨엠생명과학
화장품,실리콘투
화장품,네오팜
화장품,CSA 코스믹
화장품,에이블씨엔씨
화장품,한국콜마
화장품,더라미
화장품,휴엠앤씨
화장품,라파스
화장품,지놈앤컴퍼니
화장품,케이엠제약
화장품,인크레더블버즈
화장품,셀로맥스사이언스
화장품,에이에스텍
화장품,국제약품
화장품,인스코비
화장품,코스메카코리아
화장품,브이티
화장품,대봉엘에스
화장품,아우딘퓨쳐스
화장품,선진뷰티사이언스
화장품,헝셩그룹
화장품,아이패밀리에스씨
화장품,에이피알
화장품,제닉
화장품,삐아
화장품,케어젠
화장품,달바글로벌
화장품,씨앤씨인터내셔널
화장품,셀바이오휴먼텍
화장품,엘앤씨바이오
화장품,엔에프씨
화장품,에스엠씨지
화장품,코디
화장품,바이오비쥬
줄기세포,메타케어
줄기세포,마크로젠
줄기세포,HLB생명과학
줄기세포,메디포스트
줄기세포,강스템바이오텍
줄기세포,이엔셀
줄기세포,차바이오텍
줄기세포,동구바이오제약
줄기세포,파미셀
줄기세포,엑셀세라퓨틱스
줄기세포,안트로젠
줄기세포,네이처셀
줄기세포,코아스템켐온
줄기세포,에스씨엠생명과학
줄기세포,제일약품
줄기세포,테고사이언스
줄기세포,에스바이오메딕스
줄기세포,바이오솔루션
미디어(방송/신문),CJ ENM
미디어(방송/신문),티비씨
미디어(방송/신문),KNN
미디어(방송/신문),디지틀조선
미디어(방송/신문),스카이라이프
미디어(방송/신문),아시아경제
미디어(방송/신문),YTN
미디어(방송/신문),애니플러스
미디어(방송/신문),한국경제TV
미디어(방송/신문),콘텐트리중앙
미디어(방송/신문),iMBC
미디어(방송/신문),SBS
남-북-러 가스관사업,SK오션플랜트
남-북-러 가스관사업,디케이락
남-북-러 가스관사업,화성밸브
남-북-러 가스관사업,동양에스텍
남-북-러 가스관사업,휴스틸
남-북-러 가스관사업,엔케이
남-북-러 가스관사업,문배철강
남-북-러 가스관사업,대동스틸
남-북-러 가스관사업,부국철강
남-북-러 가스관사업,세아제강
남-북-러 가스관사업,이엠코리아
남-북-러 가스관사업,삼현철강
남-북-러 가스관사업,동양철관
남-북-러 가스관사업,하이스틸
통신,KT
통신,SK텔레콤
통신,LG유플러스
강관업체(Steel pipe),SK오션플랜트
강관업체(Steel pipe),유에스티
강관업체(Steel pipe),한국주철관
강관업체(Steel pipe),이렘
강관업체(Steel pipe),휴스틸
강관업체(Steel pipe),금강공업
강관업체(Steel pipe),율촌
강관업체(Steel pipe),세아제강
강관업체(Steel pipe),넥스틸
강관업체(Steel pipe),동양철관
강관업체(Steel pipe),하이스틸
코로나19(진단키트),나노실리칸첨단소재
코로나19(진단키트),바이오스마트
코로나19(진단키트),메타케어
코로나19(진단키트),진시스템
코로나19(진단키트),오상헬스케어
코로나19(진단키트),마이크로디지탈
코로나19(진단키트),드림텍
코로나19(진단키트),지노믹트리
코로나19(진단키트),에스엘에스바이오
코로나19(진단키트),바디텍메드
코로나19(진단키트),팜젠사이언스
코로나19(진단키트),진매트릭스
코로나19(진단키트),오상자이엘
코로나19(진단키트),종근당
코로나19(진단키트),일동제약
코로나19(진단키트),바이오노트
코로나19(진단키트),더바이오메드
코로나19(진단키트),얼라인드
코로나19(진단키트),CJ 바이오사이언스
코로나19(진단키트),프리시젼바이오
코로나19(진단키트),HLB제넥스
코로나19(진단키트),인바이오젠
코로나19(진단키트),파미셀
코로나19(진단키트),휴온스
코로나19(진단키트),에스디바이오센서
코로나19(진단키트),나노엔텍
코로나19(진단키트),녹십자엠에스
코로나19(진단키트),휴마시스
코로나19(진단키트),퀀타매트릭스
코로나19(진단키트),바이오니아
코로나19(진단키트),유투바이오
코로나19(진단키트),씨티씨바이오
코로나19(진단키트),엑세스바이오
코로나19(진단키트),소마젠
코로나19(진단키트),씨젠
코로나19(진단키트),인트론바이오
코로나19(진단키트),제놀루션
코로나19(진단키트),대웅제약
코로나19(진단키트),랩지노믹스
코로나19(진단키트),유바이오로직스
코로나19(진단키트),앤디포스
코로나19(진단키트),엔젠바이오
코로나19(진단키트),미코
코로나19(진단키트),수젠텍
코로나19(진단키트),메디콕스
선박평형수 처리장치,STX엔진
선박평형수 처리장치,한라IMS
선박평형수 처리장치,부방
선박평형수 처리장치,엔케이
선박평형수 처리장치,HD한국조선해양
선박평형수 처리장치,캐리
치매,일진홀딩스
치매,바이오스마트
치매,에이프로젠바이오로직스
치매,듀켐바이오
치매,HLB제약
치매,이수앱지스
치매,큐라클
치매,유한양행
치매,리메드
치매,바이오톡스텍
치매,종근당
치매,아이큐어
치매,삼진제약
치매,모나리자
치매,환인제약
치매,삼성제약
치매,보령
치매,하이퍼코퍼레이션
치매,명문제약
치매,이연제약
치매,젬백스
치매,동아에스티
치매,동구바이오제약
치매,오스코텍
치매,현대약품
치매,보로노이
치매,고려제약
치매,네이처셀
치매,한국파마
치매,화일약품
치매,진양제약
치매,유유제약
치매,피플바이오
치매,에이비엘바이오
치매,퀀타매트릭스
치매,SK케미칼
치매,씨티씨바이오
치매,라파스
치매,신신제약
치매,대웅제약
치매,대화제약
치매,퓨쳐켐
치매,펩트론
치매,엔젠바이오
치매,수젠텍
치매,인벤티지랩
치매,국전약품
치매,샤페론
면역항암제,압타머사이언스
면역항암제,에스티큐브
면역항암제,바이젠셀
면역항암제,HLB
면역항암제,이수앱지스
면역항암제,유한양행
면역항암제,큐라클
면역항암제,안국약품
면역항암제,메드팩토
면역항암제,지아이이노베이션
면역항암제,에이비프로바이오
면역항암제,유틸렉스
면역항암제,박셀바이오
면역항암제,네오이뮨텍
면역항암제,CG인바이츠
면역항암제,제넥신
면역항암제,동아에스티
면역항암제,차바이오텍
면역항암제,오스코텍
면역항암제,헬릭스미스
면역항암제,에이비엘바이오
면역항암제,티움바이오
면역항암제,압타바이오
면역항암제,신라젠
면역항암제,셀리드
면역항암제,와이바이오로직스
면역항암제,지씨셀
면역항암제,이뮨온시아
면역항암제,큐리언트
면역항암제,더코디
면역항암제,앱클론
치아 치료(임플란트 등),덴티스
치아 치료(임플란트 등),디오
치아 치료(임플란트 등),덴티움
치아 치료(임플란트 등),바텍
치아 치료(임플란트 등),레이
치아 치료(임플란트 등),하스
치아 치료(임플란트 등),신흥
치아 치료(임플란트 등),현대바이오랜드
치아 치료(임플란트 등),오스코텍
치아 치료(임플란트 등),한국피아이엠
치아 치료(임플란트 등),오스테오닉
치아 치료(임플란트 등),메타바이오메드
치아 치료(임플란트 등),나이벡
도시가스,INVENI
도시가스,경동도시가스
도시가스,대성홀딩스
도시가스,지에스이
도시가스,인천도시가스
도시가스,대성에너지
도시가스,한국가스공사
도시가스,서울가스
도시가스,삼천리
보톡스(보툴리눔톡신),디에스케이
보톡스(보툴리눔톡신),휴온스글로벌
보톡스(보툴리눔톡신),알에프텍
보톡스(보툴리눔톡신),제테마
보톡스(보툴리눔톡신),청담글로벌
보톡스(보툴리눔톡신),파마리서치
보톡스(보툴리눔톡신),휴온스
보톡스(보툴리눔톡신),대웅제약
보톡스(보툴리눔톡신),유바이오로직스
보톡스(보툴리눔톡신),휴젤
보톡스(보툴리눔톡신),메디톡스
보톡스(보툴리눔톡신),휴메딕스
보톡스(보툴리눔톡신),한국비엔씨
면세점,HDC
면세점,토니모리
면세점,한국정보통신
면세점,신세계
면세점,글로벌텍스프리
면세점,호텔신라
면세점,현대백화점
면세점,JTC
화이자(PFIZER),대한약품
화이자(PFIZER),제주반도체
화이자(PFIZER),유한양행
화이자(PFIZER),파미셀
화이자(PFIZER),서울제약
화이자(PFIZER),제일약품
화이자(PFIZER),그린생명과학
조선,한화오션
조선,HJ중공업
조선,HD현대중공업
조선,삼성중공업
조선,HD현대미포
조선,HD한국조선해양
유전자 치료제/분석,녹십자
유전자 치료제/분석,신테카바이오
유전자 치료제/분석,진시스템
유전자 치료제/분석,젠큐릭스
유전자 치료제/분석,지니너스
유전자 치료제/분석,바이젠셀
유전자 치료제/분석,지노믹트리
유전자 치료제/분석,툴젠
유전자 치료제/분석,고바이오랩
유전자 치료제/분석,마크로젠
유전자 치료제/분석,제이에스링크
유전자 치료제/분석,셀레믹스
유전자 치료제/분석,CJ 바이오사이언스
유전자 치료제/분석,테라젠이텍스
유전자 치료제/분석,HLB제넥스
유전자 치료제/분석,제넥신
유전자 치료제/분석,이엔셀
유전자 치료제/분석,CG인바이츠
유전자 치료제/분석,엑셀세라퓨틱스
유전자 치료제/분석,헬릭스미스
유전자 치료제/분석,아이엠비디엑스
유전자 치료제/분석,에스디바이오센서
유전자 치료제/분석,큐로셀
유전자 치료제/분석,바이오니아
유전자 치료제/분석,엑세스바이오
유전자 치료제/분석,소마젠
유전자 치료제/분석,씨젠
유전자 치료제/분석,코오롱생명과학
유전자 치료제/분석,제놀루션
유전자 치료제/분석,지놈앤컴퍼니
유전자 치료제/분석,쓰리빌리언
유전자 치료제/분석,랩지노믹스
유전자 치료제/분석,티움바이오
유전자 치료제/분석,HLB파나진
유전자 치료제/분석,신라젠
유전자 치료제/분석,엔젠바이오
유전자 치료제/분석,앱클론
유전자 치료제/분석,진원생명과학
유전자 치료제/분석,아미코젠
비만치료제,DXVX
비만치료제,삼천당제약
비만치료제,시너지이노베이션
비만치료제,압타머사이언스
비만치료제,광동제약
비만치료제,LG화학
비만치료제,HLB제약
비만치료제,유한양행
비만치료제,고바이오랩
비만치료제,종근당
비만치료제,아이큐어
비만치료제,일동제약
비만치료제,셀트리온제약
비만치료제,블루엠텍
비만치료제,제넥신
비만치료제,동아에스티
비만치료제,한독
비만치료제,대원제약
비만치료제,HLB펩
비만치료제,HK이노엔
비만치료제,큐라티스
비만치료제,라파스
비만치료제,신신제약
비만치료제,대웅제약
비만치료제,대화제약
비만치료제,넥스턴바이오
비만치료제,한미약품
비만치료제,대봉엘에스
비만치료제,펩트론
비만치료제,인벤티지랩
비만치료제,올릭스
비만치료제,디앤디파마텍
비만치료제,한국비엔씨
비만치료제,샤페론
비만치료제,나이벡
터치패널(스마트폰/태블릿PC 등),미래나노텍
터치패널(스마트폰/태블릿PC 등),이미지스
터치패널(스마트폰/태블릿PC 등),일진디스플
터치패널(스마트폰/태블릿PC 등),토비스
터치패널(스마트폰/태블릿PC 등),파인텍
터치패널(스마트폰/태블릿PC 등),베셀
터치패널(스마트폰/태블릿PC 등),유아이디
터치패널(스마트폰/태블릿PC 등),하이딥
터치패널(스마트폰/태블릿PC 등),에코볼트
코로나19(진단/치료제/백신 개발 등),나노실리칸첨단소재
코로나19(진단/치료제/백신 개발 등),시너지이노베이션
코로나19(진단/치료제/백신 개발 등),바이오스마트
코로나19(진단/치료제/백신 개발 등),메타케어
코로나19(진단/치료제/백신 개발 등),진시스템
코로나19(진단/치료제/백신 개발 등),케이바이오
코로나19(진단/치료제/백신 개발 등),오상헬스케어
코로나19(진단/치료제/백신 개발 등),마이크로디지탈
코로나19(진단/치료제/백신 개발 등),셀트리온
코로나19(진단/치료제/백신 개발 등),드림텍
코로나19(진단/치료제/백신 개발 등),지노믹트리
코로나19(진단/치료제/백신 개발 등),에스엘에스바이오
코로나19(진단/치료제/백신 개발 등),바디텍메드
코로나19(진단/치료제/백신 개발 등),팜젠사이언스
코로나19(진단/치료제/백신 개발 등),진매트릭스
코로나19(진단/치료제/백신 개발 등),오상자이엘
코로나19(진단/치료제/백신 개발 등),마크로젠
코로나19(진단/치료제/백신 개발 등),종근당
코로나19(진단/치료제/백신 개발 등),제이에스링크
코로나19(진단/치료제/백신 개발 등),일동제약
코로나19(진단/치료제/백신 개발 등),바이오노트
코로나19(진단/치료제/백신 개발 등),더바이오메드
코로나19(진단/치료제/백신 개발 등),얼라인드
코로나19(진단/치료제/백신 개발 등),강스템바이오텍
코로나19(진단/치료제/백신 개발 등),JW중외제약
코로나19(진단/치료제/백신 개발 등),CJ 바이오사이언스
코로나19(진단/치료제/백신 개발 등),프리시젼바이오
코로나19(진단/치료제/백신 개발 등),유틸렉스
코로나19(진단/치료제/백신 개발 등),HLB제넥스
코로나19(진단/치료제/백신 개발 등),에이비온
코로나19(진단/치료제/백신 개발 등),인바이오젠
코로나19(진단/치료제/백신 개발 등),SV인베스트먼트
코로나19(진단/치료제/백신 개발 등),SK바이오사이언스
코로나19(진단/치료제/백신 개발 등),파미셀
코로나19(진단/치료제/백신 개발 등),현대바이오
코로나19(진단/치료제/백신 개발 등),휴온스
코로나19(진단/치료제/백신 개발 등),에스디바이오센서
코로나19(진단/치료제/백신 개발 등),나노엔텍
코로나19(진단/치료제/백신 개발 등),옵티팜
코로나19(진단/치료제/백신 개발 등),네이처셀
코로나19(진단/치료제/백신 개발 등),녹십자엠에스
코로나19(진단/치료제/백신 개발 등),한국파마
코로나19(진단/치료제/백신 개발 등),차백신연구소
코로나19(진단/치료제/백신 개발 등),큐라티스
코로나19(진단/치료제/백신 개발 등),휴마시스
코로나19(진단/치료제/백신 개발 등),비씨월드제약
코로나19(진단/치료제/백신 개발 등),아이진
코로나19(진단/치료제/백신 개발 등),퀀타매트릭스
코로나19(진단/치료제/백신 개발 등),바이오니아
코로나19(진단/치료제/백신 개발 등),유투바이오
코로나19(진단/치료제/백신 개발 등),씨티씨바이오
코로나19(진단/치료제/백신 개발 등),엑세스바이오
코로나19(진단/치료제/백신 개발 등),소마젠
코로나19(진단/치료제/백신 개발 등),인트론바이오
코로나19(진단/치료제/백신 개발 등),씨젠
코로나19(진단/치료제/백신 개발 등),제놀루션
코로나19(진단/치료제/백신 개발 등),대웅제약
코로나19(진단/치료제/백신 개발 등),코미팜
코로나19(진단/치료제/백신 개발 등),대웅
코로나19(진단/치료제/백신 개발 등),제일약품
코로나19(진단/치료제/백신 개발 등),랩지노믹스
코로나19(진단/치료제/백신 개발 등),압타바이오
코로나19(진단/치료제/백신 개발 등),카이노스메드
코로나19(진단/치료제/백신 개발 등),엔지켐생명과학
코로나19(진단/치료제/백신 개발 등),유바이오로직스
코로나19(진단/치료제/백신 개발 등),셀리드
코로나19(진단/치료제/백신 개발 등),펩트론
코로나19(진단/치료제/백신 개발 등),앤디포스
코로나19(진단/치료제/백신 개발 등),엔젠바이오
코로나19(진단/치료제/백신 개발 등),신풍제약
코로나19(진단/치료제/백신 개발 등),미코
코로나19(진단/치료제/백신 개발 등),수젠텍
코로나19(진단/치료제/백신 개발 등),케어젠
코로나19(진단/치료제/백신 개발 등),리가켐바이오
코로나19(진단/치료제/백신 개발 등),국전약품
코로나19(진단/치료제/백신 개발 등),앱클론
코로나19(진단/치료제/백신 개발 등),한국비엔씨
코로나19(진단/치료제/백신 개발 등),샤페론
코로나19(진단/치료제/백신 개발 등),진원생명과학
코로나19(진단/치료제/백신 개발 등),메디콕스
슈퍼박테리아,크레오에스지
슈퍼박테리아,종근당바이오
슈퍼박테리아,CG인바이츠
슈퍼박테리아,이연제약
슈퍼박테리아,동아에스티
슈퍼박테리아,인트론바이오
슈퍼박테리아,씨젠
슈퍼박테리아,리가켐바이오
슈퍼박테리아,파루
미용기기,동방메디컬
미용기기,휴온스글로벌
미용기기,비올
미용기기,유한양행
미용기기,제테마
미용기기,레이저옵텍
미용기기,파마리서치
미용기기,라메디텍
미용기기,클래시스
미용기기,대웅제약
미용기기,휴젤
미용기기,원텍
미용기기,에이피알
미용기기,달바글로벌
미용기기,메디톡스
미용기기,휴메딕스
미용기기,한국비엔씨
미용기기,아스테라시스
mRNA(메신저 리보핵산),한미사이언스
mRNA(메신저 리보핵산),녹십자
mRNA(메신저 리보핵산),삼양홀딩스
mRNA(메신저 리보핵산),아미노로직스
mRNA(메신저 리보핵산),이연제약
mRNA(메신저 리보핵산),파미셀
mRNA(메신저 리보핵산),큐라티스
mRNA(메신저 리보핵산),아이진
mRNA(메신저 리보핵산),셀루메드
mRNA(메신저 리보핵산),에스티팜
mRNA(메신저 리보핵산),서린바이오
mRNA(메신저 리보핵산),한미약품
mRNA(메신저 리보핵산),엔지켐생명과학
mRNA(메신저 리보핵산),올릭스
mRNA(메신저 리보핵산),진원생명과학
mRNA(메신저 리보핵산),나이벡
해운,KSS해운
해운,STX그린로지스
해운,흥아해운
해운,대한해운
해운,팬오션
해운,HMM
코로나19(치료제/백신 개발 등),케이바이오
코로나19(치료제/백신 개발 등),셀트리온
코로나19(치료제/백신 개발 등),진매트릭스
코로나19(치료제/백신 개발 등),일동제약
코로나19(치료제/백신 개발 등),강스템바이오텍
코로나19(치료제/백신 개발 등),JW중외제약
코로나19(치료제/백신 개발 등),유틸렉스
코로나19(치료제/백신 개발 등),SK바이오사이언스
코로나19(치료제/백신 개발 등),인바이오젠
코로나19(치료제/백신 개발 등),에이비온
코로나19(치료제/백신 개발 등),현대바이오
코로나19(치료제/백신 개발 등),옵티팜
코로나19(치료제/백신 개발 등),네이처셀
코로나19(치료제/백신 개발 등),한국파마
코로나19(치료제/백신 개발 등),차백신연구소
코로나19(치료제/백신 개발 등),큐라티스
코로나19(치료제/백신 개발 등),아이진
코로나19(치료제/백신 개발 등),코미팜
코로나19(치료제/백신 개발 등),압타바이오
코로나19(치료제/백신 개발 등),카이노스메드
코로나19(치료제/백신 개발 등),유바이오로직스
코로나19(치료제/백신 개발 등),셀리드
코로나19(치료제/백신 개발 등),신풍제약
코로나19(치료제/백신 개발 등),케어젠
코로나19(치료제/백신 개발 등),리가켐바이오
코로나19(치료제/백신 개발 등),국전약품
코로나19(치료제/백신 개발 등),앱클론
코로나19(치료제/백신 개발 등),한국비엔씨
코로나19(치료제/백신 개발 등),샤페론
코로나19(치료제/백신 개발 등),진원생명과학
코로나19(치료제/백신 개발 등),메디콕스
마리화나(대마),오성첨단소재
마리화나(대마),HLB바이오스텝
마리화나(대마),비엘팜텍
마리화나(대마),아이큐어
마리화나(대마),우리바이오
마리화나(대마),화일약품
마리화나(대마),씨티씨바이오
마리화나(대마),애머릿지
마리화나(대마),엔에프씨
마리화나(대마),인벤티지랩
마리화나(대마),한국비엔씨
마리화나(대마),메디콕스
